date,soma_asof,h41_date,treasury_marketable_bn,soma_treasury_bn,reserves_bn,reverse_repo_bn,currency_bn,interest_bearing_bn,zero_interest_bn,overnight_share,tips_share,wam_years,wam_treasury_years,P1,P2,P5,P10,P1_treasury,P2_treasury,P5_treasury,P10_treasury,extra_interest_y1_bn,extra_interest_y10_bn,R_H5,kappa_star_H5,R_H10,kappa_star_H10
2003-07-31,2003-07-30,2003-07-30,3412.963462,632.547747,14.482,19.316,694.586,2799.731715,709.068,0.006899,0.054637,5.081231,4.847841,0.413947,0.582612,0.765246,0.889688,0.433303,0.605509,0.777096,0.893927,11.589393,24.90889,0.895782,1.116343,1.349115,0.741226
2003-08-31,2003-08-27,2003-08-27,3435.403168,632.013491,14.71,19.119,697.414,2822.508677,712.124,0.006774,0.054251,5.091776,4.865016,0.419784,0.583038,0.762264,0.892676,0.437242,0.604439,0.774134,0.896936,11.848429,25.195851,0.88405,1.131158,1.336846,0.748029
2003-09-30,2003-09-24,2003-09-24,3460.595816,632.573581,13.319,18.801,697.392,2846.823235,710.711,0.006604,0.053627,5.093724,4.863569,0.405364,0.567357,0.760913,0.893616,0.425576,0.591121,0.772669,0.897677,11.540005,25.439665,0.871004,1.148101,1.329692,0.752054
2003-10-31,2003-10-29,2003-10-29,3519.170169,635.896565,15.277,19.286,703.46,2902.559604,718.737,0.006644,0.055926,5.013075,4.79308,0.409248,0.567521,0.762896,0.895619,0.428756,0.590978,0.774237,0.899347,11.878666,25.99588,0.887544,1.126704,1.353918,0.738597
2003-11-30,2003-11-26,2003-11-26,3536.646759,642.283226,14.973,17.955,713.334,2912.318533,728.307,0.006165,0.055936,5.031184,4.802971,0.419936,0.57447,0.766051,0.895934,0.439477,0.597421,0.777952,0.899816,12.229882,26.092458,0.873202,1.145211,1.334251,0.749484
2003-12-31,2003-12-31,2003-12-31,3575.052864,665.000116,11.054,25.652,724.187,2935.704748,735.241,0.008738,0.05525,5.023336,4.777553,0.407438,0.561101,0.764702,0.896778,0.429063,0.585782,0.777618,0.9009,11.961182,26.326745,0.861502,1.160763,1.324046,0.755261
2004-01-31,2004-01-28,2004-01-28,3550.89029,642.736431,13.906,20.694,710.647,2928.847859,724.553,0.007066,0.059317,5.041057,4.804518,0.405618,0.559591,0.765347,0.896564,0.42671,0.584642,0.777548,0.900249,11.879932,26.258999,0.861957,1.16015,1.329406,0.752216
2004-02-29,2004-02-25,2004-02-25,3631.007562,646.750789,8.96,18.872,714.588,3003.128773,723.548,0.006284,0.057784,4.974515,4.750285,0.41538,0.559032,0.767026,0.899187,0.436895,0.583761,0.778636,0.90246,12.474405,27.003736,0.870882,1.148261,1.349145,0.74121
2004-03-31,2004-03-31,2004-03-31,3721.100607,656.314011,14.617,21.701,716.136,3086.487596,730.753,0.007031,0.056346,4.879062,4.66148,0.410357,0.560916,0.770452,0.901871,0.434784,0.58693,0.781445,0.904782,12.665603,27.83614,0.885522,1.129277,1.374207,0.727692
2004-04-30,2004-04-28,2004-04-28,3697.32117,642.156931,26.465,19.689,718.687,3074.853239,745.152,0.006403,0.059838,4.912382,4.698343,0.400103,0.553748,0.766978,0.901445,0.42436,0.57776,0.777873,0.904125,12.30259,27.718124,0.864967,1.156113,1.349468,0.741033
2004-05-31,2004-05-26,2004-05-26,3711.14699,647.489959,21.467,19.331,723.891,3082.988031,745.358,0.00627,0.060093,4.92184,4.706259,0.407865,0.556953,0.767447,0.902426,0.431422,0.580979,0.778963,0.905237,12.574417,27.821673,0.859195,1.16388,1.342054,0.745126
2004-06-30,2004-06-30,2004-06-30,3755.373514,677.120736,19.26,19.228,733.183,3097.480778,752.443,0.006208,0.060025,4.918343,4.670171,0.395698,0.55222,0.766049,0.902867,0.423313,0.579604,0.779282,0.906325,12.256684,27.966123,0.848568,1.178456,1.331812,0.750857
2004-07-31,2004-07-28,2004-07-28,3775.098395,660.256921,14.786,19.363,734.377,3134.204474,749.163,0.006178,0.066284,4.930003,4.695308,0.3999,0.551693,0.763143,0.901594,0.424488,0.578259,0.775687,0.904808,12.533697,28.257788,0.865664,1.155183,1.355228,0.737883
2004-08-31,2004-08-25,2004-08-25,3840.582298,659.856458,12.545,20.922,735.513,3201.64784,748.058,0.006535,0.065115,4.884642,4.669094,0.39337,0.553383,0.770218,0.904355,0.417695,0.578117,0.781886,0.907163,12.594334,28.954271,0.86677,1.153709,1.368205,0.730885
2004-09-30,2004-09-29,2004-09-29,3845.985279,665.004733,14.713,24.337,738.652,3205.317546,753.365,0.007593,0.064816,4.879916,4.663635,0.387911,0.547648,0.768524,0.904567,0.412567,0.573024,0.780327,0.907308,12.433764,28.994242,0.85771,1.165895,1.357774,0.736499
2004-10-31,2004-10-27,2004-10-27,3870.175791,684.037157,14.309,25.761,742.431,3211.899634,756.74,0.00802,0.07127,4.860724,4.629708,0.392221,0.543849,0.764026,0.90484,0.415297,0.572425,0.77723,0.907883,12.597736,29.062566,0.866995,1.153409,1.36834,0.730812
2004-11-30,2004-11-24,2004-11-24,3949.235182,688.42749,17.355,28.084,754.296,3288.891692,771.651,0.008539,0.069626,4.796161,4.588706,0.395238,0.557176,0.766881,0.90784,0.416546,0.581705,0.779065,0.910558,12.998963,29.857863,0.869488,1.150102,1.376419,0.726523
2004-12-31,2004-12-29,2004-12-29,3945.660718,692.04324,6.989,29.938,758.356,3283.555478,765.345,0.009118,0.069995,4.808521,4.592908,0.38772,0.549781,0.764122,0.907645,0.410364,0.575415,0.776796,0.910425,12.73101,29.803038,0.861846,1.1603,1.370852,0.729473
2005-01-31,2005-01-26,2005-01-26,3960.848822,691.282956,14.454,31.074,747.377,3300.639866,761.831,0.009415,0.076094,4.850552,4.62467,0.381631,0.546786,0.762942,0.90585,0.404662,0.573003,0.775909,0.908874,12.596268,29.89884,0.865561,1.155321,1.380269,0.724496
2005-02-28,2005-02-23,2005-02-23,4040.192753,690.925745,14.88,23.474,753.82,3372.741008,768.7,0.00696,0.073306,4.766635,4.5645,0.386504,0.553593,0.770433,0.910234,0.409167,0.578195,0.782564,0.912452,13.035766,30.699828,0.875601,1.142072,1.396925,0.715858
2005-03-31,2005-03-30,2005-03-30,4089.720578,685.1465,17.471,23.691,755.24,3428.265078,772.711,0.00691,0.072261,4.693135,4.506898,0.390136,0.554238,0.771917,0.911662,0.411117,0.577783,0.783325,0.91349,13.374907,31.254177,0.892256,1.120754,1.419065,0.704689
2005-04-30,2005-04-27,2005-04-27,4022.278063,685.335501,16.397,25.068,754.397,3362.010562,770.794,0.007456,0.079526,4.778366,4.57175,0.378279,0.536301,0.767813,0.909842,0.401171,0.562778,0.780102,0.911974,12.717778,30.588981,0.868709,1.151134,1.389676,0.719592
2005-05-31,2005-05-25,2005-05-25,4035.958658,689.075721,15.393,25.186,757.385,3372.068937,772.778,0.007469,0.079949,4.808187,4.603775,0.374566,0.53933,0.765549,0.910048,0.397304,0.565371,0.777805,0.912181,12.630633,30.687442,0.847431,1.180038,1.370929,0.729433
2005-06-30,2005-06-29,2005-06-29,4016.979154,683.338117,11.585,24.237,763.38,3357.878037,774.965,0.007218,0.080741,4.822609,4.620006,0.367177,0.531473,0.762577,0.909729,0.390144,0.557843,0.774855,0.911686,12.329367,30.547582,0.8369,1.194886,1.357827,0.736471
2005-07-31,2005-07-27,2005-07-27,4033.795841,685.196463,12.768,27.277,762.86,3375.876378,775.628,0.00808,0.084746,4.805921,4.601831,0.375937,0.526317,0.760194,0.90899,0.398826,0.553281,0.772739,0.911034,12.691172,30.686392,0.853739,1.171318,1.376625,0.726414
2005-08-31,2005-08-31,2005-08-31,4092.338584,709.98487,17.516,26.487,765.723,3408.840714,783.239,0.00777,0.083964,4.78412,4.564284,0.372321,0.536179,0.764015,0.910427,0.397407,0.565508,0.777567,0.912961,12.691822,31.035001,0.848855,1.178058,1.373271,0.728188
2005-09-30,2005-09-28,2005-09-28,4070.771778,709.017746,19.965,23.811,768.059,3385.565032,788.024,0.007033,0.084813,4.813014,4.57958,0.361919,0.527965,0.760281,0.90976,0.390131,0.558153,0.774588,0.912443,12.253001,30.800512,0.831844,1.202149,1.35175,0.739782
2005-10-31,2005-10-26,2005-10-26,4117.189521,712.706764,13.619,23.654,769.127,3428.136757,782.746,0.0069,0.08869,4.752706,4.52127,0.367643,0.525802,0.761069,0.910803,0.395974,0.556452,0.775306,0.913365,12.603312,31.223558,0.853087,1.172214,1.383894,0.722599
2005-11-30,2005-11-30,2005-11-30,4171.15081,740.848599,11.99,30.055,780.223,3460.357211,792.213,0.008686,0.088986,4.721142,4.487876,0.379654,0.530746,0.760656,0.912513,0.406751,0.561841,0.775503,0.915232,13.137367,31.576205,0.85642,1.167651,1.386285,0.721353
2005-12-31,2005-12-28,2005-12-28,4135.856279,716.69907,8.772,30.372,794.9,3449.529209,803.672,0.008805,0.089489,4.716171,4.4994,0.378329,0.523459,0.757881,0.912202,0.404054,0.553253,0.771899,0.914479,13.050561,31.466677,0.850595,1.175647,1.373729,0.727946
2006-01-31,2006-01-25,2006-01-25,4180.727379,718.627631,11.303,21.691,782.011,3483.790748,793.314,0.006226,0.093699,4.728436,4.497381,0.374832,0.525377,0.759027,0.910969,0.4021,0.55567,0.773078,0.913617,13.058356,31.736239,0.861927,1.160191,1.396752,0.715947
2006-02-28,2006-02-22,2006-02-22,4263.45364,724.452823,12.703,24.51,789.798,3563.510817,802.501,0.006878,0.09074,4.757017,4.53608,0.383331,0.528061,0.76339,0.911538,0.408476,0.558035,0.776633,0.913857,13.660026,32.482761,0.865729,1.155096,1.401974,0.71328
2006-03-31,2006-03-29,2006-03-29,4326.295841,731.765144,10.043,22.419,789.999,3616.949697,800.042,0.006198,0.089925,4.675475,4.465851,0.387341,0.529662,0.765055,0.912928,0.41206,0.558502,0.778075,0.915021,14.009936,33.020139,0.888957,1.124914,1.433263,0.697709
2006-04-30,2006-04-26,2006-04-26,4234.768723,730.299286,16.625,22.91,792.097,3527.379437,808.722,0.006495,0.097809,4.75517,4.526519,0.375235,0.520761,0.757117,0.910681,0.402141,0.550525,0.771636,0.913154,13.235964,32.123189,0.866141,1.154547,1.395941,0.716363
2006-05-31,2006-05-31,2006-05-31,4255.133198,758.865446,15.427,24.603,799.103,3520.870752,814.53,0.006988,0.098557,4.810514,4.556892,0.366774,0.518081,0.753938,0.913664,0.397451,0.549585,0.770216,0.916458,12.913623,32.168914,0.83316,1.20025,1.362422,0.733987
2006-06-30,2006-06-28,2006-06-28,4239.916008,736.771356,7.524,30.4,795.419,3533.544652,802.943,0.008603,0.099082,4.796224,4.569929,0.360558,0.511882,0.752744,0.913827,0.388882,0.541691,0.767452,0.916036,12.740493,32.290495,0.836391,1.195613,1.373178,0.728238
2006-07-31,2006-07-26,2006-07-26,4266.310239,734.781794,8.166,28.468,793.762,3559.996445,801.928,0.007997,0.103616,4.79778,4.573132,0.355954,0.507259,0.750289,0.9128,0.384063,0.536423,0.765005,0.915164,12.671934,32.495634,0.8473,1.180219,1.389827,0.719514
2006-08-31,2006-08-30,2006-08-30,4330.572958,735.988668,16.503,26.084,797.084,3620.66829,813.587,0.007204,0.101768,4.816188,4.606504,0.367585,0.509622,0.754723,0.912597,0.394993,0.537716,0.768485,0.914599,13.309038,33.042116,0.845757,1.182372,1.388171,0.720372
2006-09-30,2006-09-27,2006-09-27,4257.284675,739.590479,15.218,31.466,792.208,3549.160196,807.426,0.008866,0.104143,4.860547,4.641394,0.360457,0.509587,0.747936,0.910823,0.388527,0.537017,0.762811,0.913083,12.793204,32.326577,0.836862,1.19494,1.369826,0.73002
2006-10-31,2006-10-25,2006-10-25,4323.872373,741.251168,14.051,31.151,795.584,3613.772205,809.635,0.00862,0.107347,4.803961,4.595403,0.353115,0.504338,0.750496,0.91238,0.381492,0.531326,0.764564,0.91439,12.760774,32.971331,0.845988,1.18205,1.393526,0.717604
2006-11-30,2006-11-29,2006-11-29,4366.88043,743.91323,6.918,30.723,808.289,3653.6902,815.207,0.008409,0.104911,4.754448,4.564203,0.361847,0.513862,0.751555,0.916498,0.387966,0.538435,0.765017,0.91819,13.220785,33.485996,0.85042,1.17589,1.400632,0.713963
2006-12-31,2006-12-27,2006-12-27,4295.888476,750.070353,5.751,32.126,819.884,3577.944123,825.635,0.008979,0.10651,4.783587,4.58442,0.355723,0.514184,0.74515,0.915034,0.3825,0.538187,0.759891,0.916924,12.727584,32.739401,0.837847,1.193535,1.37172,0.729012
2007-01-31,2007-01-31,2007-01-31,4333.327016,775.469825,17.276,32.379,802.599,3590.236191,819.875,0.009019,0.105613,4.821596,4.600534,0.346881,0.507971,0.743774,0.913863,0.376627,0.534005,0.75947,0.916246,12.453837,32.809832,0.831256,1.202998,1.373953,0.727827
2007-02-28,2007-02-28,2007-02-28,4394.453953,777.347825,15.958,39.645,808.078,3656.751128,824.036,0.010842,0.103838,4.824781,4.619751,0.355503,0.513603,0.745067,0.913752,0.381646,0.536513,0.75979,0.915889,12.999867,33.413632,0.840009,1.190464,1.385223,0.721906
2007-03-31,2007-03-28,2007-03-28,4422.680427,755.983029,11.251,37.643,807.379,3704.340398,818.63,0.010162,0.101877,4.715055,4.549385,0.367864,0.526407,0.749712,0.915095,0.389361,0.54572,0.762765,0.916376,13.62694,33.898218,0.876857,1.140436,1.428226,0.70017
2007-04-30,2007-04-25,2007-04-25,4398.281073,760.112544,15.679,34.025,808.521,3672.193529,824.2,0.009266,0.107569,4.778011,4.593606,0.345753,0.509006,0.742398,0.914375,0.370757,0.53108,0.756977,0.915823,12.696726,33.577604,0.844957,1.183493,1.397877,0.715371
2007-05-31,2007-05-30,2007-05-30,4364.17025,761.953311,11.827,34.86,815.146,3637.076939,826.973,0.009585,0.108986,4.874567,4.699504,0.348587,0.505249,0.735361,0.914796,0.372086,0.526884,0.750051,0.916363,12.678386,33.271847,0.816994,1.224,1.362242,0.734084
2007-06-30,2007-06-27,2007-06-27,4298.33566,763.632863,9.669,30.134,812.319,3564.836797,821.988,0.008453,0.11193,4.925713,4.728743,0.340568,0.502903,0.731474,0.912948,0.36587,0.525416,0.747418,0.914967,12.140709,32.545124,0.805478,1.241499,1.341474,0.745449
2007-07-31,2007-07-25,2007-07-25,4389.32182,765.377562,5.655,31.109,813.676,3655.053258,819.331,0.008511,0.114093,4.864103,4.67612,0.339642,0.501357,0.736044,0.913608,0.364303,0.523359,0.751428,0.915477,12.41411,33.392859,0.828334,1.207243,1.382135,0.723519
2007-08-31,2007-08-29,2007-08-29,4482.100883,760.355655,14.761,31.21,812.431,3752.955228,827.192,0.008316,0.110984,4.805403,4.686315,0.357271,0.519635,0.741807,0.915981,0.376379,0.53671,0.753816,0.916758,13.408215,34.376361,0.855045,1.169529,1.413715,0.707356
2007-09-30,2007-09-26,2007-09-26,4407.445365,758.793261,27.738,35.312,812.034,3683.964105,839.772,0.009585,0.113042,4.842199,4.716747,0.354618,0.518733,0.738781,0.914411,0.373355,0.535011,0.751158,0.915351,13.063989,33.686576,0.840077,1.190367,1.382676,0.723235
2007-10-31,2007-10-31,2007-10-31,4450.6333,779.585852,13.832,38.055,815.291,3709.102448,829.123,0.01026,0.115355,4.814966,4.676521,0.348295,0.511269,0.736459,0.915025,0.368794,0.528561,0.749709,0.916205,12.9186,33.939215,0.843757,1.185175,1.400547,0.714007
2007-11-30,2007-11-28,2007-11-28,4529.15945,756.073384,7.582,34.272,820.932,3807.358067,828.514,0.009002,0.112671,4.733048,4.650579,0.370887,0.524306,0.744083,0.91629,0.385818,0.538501,0.754009,0.916491,14.121003,34.886426,0.876533,1.140858,1.442573,0.693206
2007-12-31,2007-12-26,2007-12-26,4522.488858,733.442311,4.245,40.542,829.054,3829.588547,833.299,0.010587,0.112261,4.68908,4.637964,0.372313,0.524921,0.743793,0.916735,0.382621,0.535466,0.752135,0.916329,14.258066,35.107192,0.884726,1.130293,1.452402,0.688514
2008-01-31,2008-01-30,2008-01-30,4518.790784,700.077244,31.732,39.485,811.31,3858.19854,843.042,0.010234,0.111447,4.694058,4.675382,0.376243,0.526803,0.741731,0.915683,0.381371,0.53326,0.748085,0.914821,14.516207,35.328887,0.888971,1.124896,1.459555,0.68514
2008-02-29,2008-02-27,2008-02-27,4647.292819,693.935775,15.732,42.648,816.523,3996.005044,832.255,0.010673,0.10731,4.604854,4.648456,0.400509,0.551982,0.753228,0.917254,0.39988,0.552976,0.755552,0.915267,16.004352,36.653529,0.934595,1.069982,1.522914,0.656636
2008-03-31,2008-03-26,2008-03-26,4718.267497,595.14161,14.81,40.822,817.662,4163.947887,832.472,0.009804,0.103482,4.434909,4.573666,0.415008,0.564166,0.760936,0.920502,0.403597,0.556246,0.757229,0.916452,17.280719,38.329231,0.989366,1.010748,1.600732,0.624714
2008-04-30,2008-04-30,2008-04-30,4628.469246,548.691968,14.072,40.704,814.032,4120.481277,828.104,0.009878,0.108292,4.48832,4.65641,0.398659,0.559967,0.75704,0.919611,0.385618,0.549518,0.751278,0.914775,16.426662,37.892381,0.963276,1.038124,1.577603,0.633873
2008-05-31,2008-05-28,2008-05-28,4645.157991,484.053068,21.746,38.365,824.779,4199.469923,846.525,0.009136,0.107131,4.451796,4.694733,0.415271,0.565322,0.759567,0.920887,0.397456,0.551514,0.749219,0.914562,17.439175,38.672353,0.981269,1.019088,1.591496,0.62834
2008-06-30,2008-06-25,2008-06-25,4682.334059,473.435697,6.804,42.049,825.033,4250.947362,831.837,0.009892,0.106518,4.448428,4.698049,0.403176,0.561669,0.759982,0.921726,0.384736,0.546714,0.748915,0.915118,17.138819,39.182092,0.970768,1.030112,1.598831,0.625457
2008-07-31,2008-07-30,2008-07-30,4808.032958,470.315333,22.903,44.463,832.539,4382.180625,855.442,0.010146,0.107584,4.358118,4.610396,0.412695,0.569251,0.768256,0.922873,0.392881,0.553033,0.756485,0.916223,18.085048,40.441975,1.000038,0.999962,1.638682,0.610247
2008-08-31,2008-08-27,2008-08-27,4861.290295,471.253427,13.219,43.768,832.677,4433.804867,845.896,0.009871,0.10718,4.348446,4.629224,0.432643,0.577172,0.772568,0.922184,0.411508,0.559454,0.760044,0.915062,19.182547,40.887861,1.033971,0.967146,1.67336,0.5976
2008-09-30,2008-09-24,2008-09-24,5221.883265,467.318841,87.92,90.673,836.338,4845.237424,924.258,0.018714,0.098677,4.041909,4.366465,0.461526,0.603441,0.789542,0.928687,0.433493,0.580459,0.774189,0.920816,22.362009,44.997068,1.113804,0.897824,1.771514,0.564489
2008-10-31,2008-10-29,2008-10-29,5715.268683,469.851968,419.748,94.655,860.475,5759.819715,860.475,0.089309,0.084874,3.46813,4.055595,0.535249,0.656568,0.816571,0.940066,0.470061,0.606352,0.787114,0.927714,30.829404,54.146114,1.442463,0.693259,2.242966,0.445838
2008-11-30,2008-11-26,2008-11-26,5784.236303,468.28772,606.593,99.761,871.879,6022.302583,871.879,0.11729,0.081023,3.373668,4.078698,0.556164,0.665508,0.824445,0.942266,0.477042,0.603356,0.789055,0.928066,33.493861,56.746113,1.516492,0.659417,2.331934,0.428829
2008-12-31,2008-12-31,2008-12-31,5783.553753,475.921242,855.599,88.352,889.898,6251.583511,889.898,0.150994,0.07728,3.2973,4.129157,0.5525,0.665756,0.829188,0.944515,0.454407,0.589654,0.787171,0.928223,34.539985,59.047165,1.528078,0.654417,2.36512,0.422812
2009-01-31,2009-01-28,2009-01-28,5712.850192,465.87296,735.791,72.214,888.375,6054.982232,888.375,0.133445,0.078103,3.426486,4.200285,0.537557,0.650521,0.823208,0.942079,0.447461,0.579438,0.783976,0.9267,32.548963,57.042739,1.450769,0.68929,2.26268,0.441954
2009-02-28,2009-02-25,2009-02-25,5975.264786,463.322498,696.7,67.713,898.776,6276.355288,898.776,0.121792,0.074598,3.415105,4.131941,0.544975,0.654678,0.828719,0.94389,0.463365,0.589226,0.792701,0.929907,34.204594,59.24188,1.464237,0.682949,2.288243,0.437017
2009-03-31,2009-03-25,2009-03-25,6252.032078,463.816006,818.026,66.427,903.207,6672.669071,903.207,0.132549,0.070393,3.380398,4.127486,0.54047,0.652581,0.829437,0.946074,0.453255,0.582949,0.791555,0.931758,36.063786,63.12837,1.477568,0.676788,2.336941,0.42791
2009-04-30,2009-04-29,2009-04-29,6349.302662,542.851035,808.429,67.284,903.217,6682.164627,903.217,0.131052,0.072475,3.388463,4.142211,0.537928,0.649489,0.826205,0.946709,0.447119,0.575623,0.787955,0.932731,35.945228,63.260676,1.46414,0.682995,2.324869,0.430132
2009-05-31,2009-05-27,2009-05-27,6417.692943,594.24318,875.026,65.879,910.259,6764.354763,910.259,0.139098,0.071451,3.356336,4.176603,0.550014,0.653236,0.830653,0.946917,0.451508,0.571096,0.788777,0.931693,37.204894,64.052804,1.510086,0.662214,2.371068,0.421751
2009-06-30,2009-06-24,2009-06-24,6600.101293,647.754452,740.764,71.941,907.603,6765.051842,907.603,0.120133,0.071621,3.488696,4.237408,0.524859,0.635679,0.824306,0.946147,0.433035,0.558026,0.783976,0.932414,35.506999,64.007327,1.418966,0.704738,2.276584,0.439255
2009-07-31,2009-07-29,2009-07-29,6770.773192,686.939207,742.0,66.01,910.86,6891.843985,910.86,0.117241,0.072301,3.523866,4.277868,0.519163,0.629531,0.824589,0.946341,0.426611,0.550974,0.783039,0.932361,35.779936,65.220371,1.402455,0.713035,2.269806,0.440566
2009-08-31,2009-08-26,2009-08-26,6927.230002,735.659978,857.298,68.129,910.729,7116.997025,910.729,0.130031,0.070554,3.502443,4.328343,0.5248,0.634293,0.82709,0.948479,0.422029,0.546356,0.782495,0.933926,37.350026,67.503202,1.43051,0.699052,2.313725,0.432203
2009-09-30,2009-09-30,2009-09-30,6997.72482,769.159644,844.87,68.913,913.791,7142.348176,913.791,0.127939,0.07021,3.575681,4.390655,0.512,0.622784,0.821981,0.947961,0.409541,0.534793,0.777527,0.933459,36.568834,67.706707,1.386397,0.721294,2.262198,0.442048
2009-10-31,2009-10-28,2009-10-28,6911.759857,767.919658,1079.552,64.446,915.127,7287.838199,915.127,0.156974,0.070895,3.554346,4.498726,0.517139,0.621763,0.821677,0.948088,0.396872,0.519583,0.770021,0.931428,37.688285,69.095101,1.420626,0.703915,2.305628,0.433721
2009-11-30,2009-11-25,2009-11-25,7162.565472,769.210279,1165.511,58.483,923.414,7617.349193,923.414,0.160685,0.067878,3.595447,4.556672,0.504632,0.615525,0.820964,0.948916,0.381456,0.511927,0.768863,0.932134,38.439611,72.282278,1.38763,0.720653,2.286903,0.437273
2009-12-31,2009-12-30,2009-12-30,7260.489454,766.804248,1022.215,70.45,930.087,7586.350206,930.087,0.14403,0.06822,3.722356,4.606424,0.484301,0.600844,0.81308,0.947548,0.370926,0.505022,0.764375,0.931829,36.740739,71.884288,1.312529,0.761888,2.194722,0.455639
2010-01-31,2010-01-27,2010-01-27,7187.624725,768.410933,1107.959,57.794,918.644,7584.966792,918.644,0.153693,0.06789,3.769977,4.700257,0.482165,0.596607,0.810684,0.946381,0.361976,0.495784,0.759206,0.929869,36.572079,71.782696,1.315128,0.760382,2.194458,0.455693
2010-02-28,2010-02-24,2010-02-24,7365.47504,767.363765,1246.161,56.563,932.443,7900.835275,932.443,0.164884,0.066092,3.773726,4.758543,0.486961,0.599566,0.813695,0.947029,0.35988,0.493649,0.760471,0.930099,38.474024,74.823196,1.331675,0.750934,2.222788,0.449885
2010-03-31,2010-03-31,2010-03-31,7745.035577,776.704767,1050.544,57.766,934.589,8076.64081,934.589,0.137224,0.064852,3.856326,4.694153,0.467553,0.581878,0.807724,0.947066,0.358997,0.491887,0.761504,0.932342,37.762615,76.491143,1.27235,0.785948,2.166095,0.46166
2010-04-30,2010-04-28,2010-04-28,7889.272911,771.547299,1045.373,54.102,936.081,8217.200613,936.081,0.133802,0.062694,3.90747,4.729772,0.460004,0.57601,0.803559,0.946907,0.353784,0.488997,0.757781,0.932389,37.799475,77.809246,1.249314,0.800439,2.146917,0.465784
2010-05-31,2010-05-26,2010-05-26,7913.977485,772.003741,1084.944,58.158,940.655,8285.075744,940.655,0.137971,0.062376,3.918872,4.763232,0.461202,0.580959,0.80364,0.946404,0.352371,0.492458,0.757479,0.931719,38.210939,78.410308,1.264483,0.790837,2.159468,0.463077
2010-06-30,2010-06-30,2010-06-30,8092.086263,776.988668,969.83,67.223,945.131,8352.150594,945.131,0.124166,0.06201,4.034774,4.806597,0.438287,0.560916,0.795839,0.945766,0.338179,0.480396,0.752951,0.932108,36.606392,78.991796,1.192594,0.838508,2.078375,0.481145
2010-07-31,2010-07-28,2010-07-28,8134.109714,767.668225,1048.351,60.641,944.307,8475.433489,944.307,0.130848,0.062573,4.022309,4.822041,0.443686,0.5698,0.796161,0.945518,0.339052,0.487528,0.751488,0.931377,37.604281,80.136712,1.216677,0.821911,2.109463,0.474054
2010-08-31,2010-08-25,2010-08-25,8394.142327,775.891266,1050.872,61.115,947.306,8730.238061,947.306,0.127372,0.061521,4.068852,4.847648,0.437914,0.562828,0.795279,0.946185,0.335524,0.483638,0.752114,0.932945,38.230945,82.604221,1.199414,0.833741,2.100597,0.476055
2010-09-30,2010-09-29,2010-09-29,8488.004145,804.737018,981.713,67.37,954.822,8732.350127,954.822,0.120138,0.06253,4.139713,4.881643,0.427866,0.555833,0.789778,0.945347,0.329311,0.47967,0.747675,0.932646,37.362758,82.551003,1.169178,0.855302,2.060662,0.485281
2010-10-31,2010-10-27,2010-10-27,8496.891393,832.036994,1008.15,55.552,963.402,8728.556399,963.402,0.121865,0.063707,4.141354,4.895319,0.428696,0.559852,0.788194,0.944691,0.328194,0.481848,0.744592,0.931665,37.418946,82.457904,1.180375,0.847189,2.067329,0.483716
2010-11-30,2010-11-24,2010-11-24,8737.966111,893.554179,1025.523,54.709,978.535,8924.643932,978.535,0.121039,0.06327,4.154061,4.907432,0.426218,0.557102,0.788337,0.944903,0.325097,0.477742,0.743905,0.932281,38.038429,84.329238,1.171907,0.85331,2.06287,0.484761
2010-12-31,2010-12-29,2010-12-29,8852.940647,1004.854419,1018.356,59.246,984.951,8925.688228,984.951,0.12073,0.062942,4.143625,4.91088,0.42981,0.560632,0.788384,0.944645,0.325033,0.476285,0.741184,0.932146,38.363468,84.316055,1.182173,0.8459,2.072871,0.482423
2011-01-31,2011-01-26,2011-01-26,8954.38513,1105.930943,1083.958,52.62,976.523,8985.032187,976.523,0.126497,0.062258,4.122046,4.930651,0.435157,0.564181,0.789841,0.944423,0.323837,0.473151,0.738721,0.931914,39.099003,84.856749,1.205984,0.829198,2.107098,0.474586
2011-02-28,2011-02-23,2011-02-23,9066.900274,1201.207438,1290.48,59.484,997.305,9215.656836,997.305,0.146486,0.061426,4.068652,4.984691,0.44553,0.576493,0.791897,0.945105,0.318435,0.472247,0.733723,0.93157,41.058555,87.097658,1.250588,0.799624,2.164334,0.462036
2011-03-31,2011-03-30,2011-03-30,9122.4207,1326.093508,1455.646,65.811,1005.388,9317.784192,1005.388,0.163285,0.061714,4.016853,5.029927,0.45393,0.583385,0.793953,0.945302,0.31337,0.466514,0.730492,0.930968,42.296228,88.081196,1.282409,0.779783,2.204664,0.453584
2011-04-30,2011-04-27,2011-04-27,9039.360956,1404.80245,1449.963,57.031,1013.826,9141.552506,1013.826,0.164851,0.062399,4.057371,5.096943,0.45395,0.58515,0.796159,0.943953,0.310255,0.464655,0.730211,0.929258,41.498112,86.291969,1.276431,0.783434,2.183843,0.457908
2011-05-31,2011-05-25,2011-05-25,9251.911873,1507.650511,1589.495,54.181,1020.77,9387.937362,1020.77,0.175084,0.062306,4.019811,5.11937,0.457998,0.587379,0.797028,0.945068,0.305318,0.458519,0.7287,0.930322,42.996561,88.722402,1.296809,0.771124,2.220084,0.450433
2011-06-30,2011-06-29,2011-06-29,9326.127047,1607.709233,1619.732,66.607,1027.476,9404.756813,1027.476,0.179307,0.062866,4.041754,5.165027,0.459731,0.588265,0.797297,0.943946,0.30207,0.454439,0.726887,0.92932,43.236545,88.775806,1.302393,0.767817,2.225438,0.44935
2011-07-31,2011-07-27,2011-07-27,9309.227048,1629.275149,1655.65,67.004,1030.698,9402.605899,1030.698,0.18321,0.064522,4.052204,5.191241,0.464431,0.592737,0.800578,0.943209,0.304904,0.457041,0.729685,0.928195,43.668578,88.686267,1.315945,0.75991,2.234452,0.447537
2011-08-31,2011-08-31,2011-08-31,9513.284471,1652.113361,1589.305,104.544,1037.767,9555.02011,1037.767,0.177273,0.064629,4.106209,5.199386,0.455757,0.584142,0.796475,0.943393,0.302336,0.453008,0.72812,0.929251,43.547665,90.141345,1.281347,0.780429,2.198702,0.454814
2011-09-30,2011-09-28,2011-09-28,9616.024936,1657.448479,1606.388,82.815,1038.032,9647.779457,1038.032,0.175087,0.065175,4.138082,5.209242,0.452366,0.580215,0.794322,0.943117,0.301009,0.450533,0.727043,0.929089,43.643314,90.989806,1.270022,0.787388,2.188252,0.456986
2011-10-31,2011-10-26,2011-10-26,9738.011474,1670.199774,1585.459,81.316,1043.227,9734.586701,1043.227,0.171222,0.065523,4.131437,5.215165,0.450781,0.578791,0.795615,0.943091,0.3013,0.44951,0.726802,0.928524,43.881653,91.806029,1.27293,0.785589,2.198201,0.454917
2011-11-30,2011-11-30,2011-11-30,9869.796287,1672.038464,1484.686,92.968,1062.274,9775.411823,1062.274,0.16139,0.066447,4.133083,5.224791,0.44683,0.575136,0.79855,0.944402,0.302919,0.450446,0.72946,0.930372,43.679518,92.319218,1.256484,0.795871,2.180048,0.458705
2011-12-31,2011-12-28,2011-12-28,9866.922046,1662.601063,1566.64,88.674,1076.283,9859.634983,1076.283,0.167888,0.067008,4.056813,5.232658,0.453685,0.582358,0.806091,0.945087,0.303989,0.451907,0.732295,0.929463,44.73166,93.182178,1.29018,0.775086,2.223127,0.449817
2012-01-31,2012-01-25,2012-01-25,10060.38989,1653.098286,1577.161,88.715,1066.349,10073.167605,1066.349,0.165378,0.066295,4.046783,5.238942,0.447044,0.576841,0.804534,0.946095,0.298808,0.447415,0.729783,0.929904,45.031466,95.301729,1.283814,0.778929,2.234518,0.447524
2012-02-29,2012-02-29,2012-02-29,10213.77782,1661.600728,1605.136,87.553,1091.596,10244.866092,1091.596,0.165223,0.065895,4.00536,5.254341,0.455231,0.585954,0.813914,0.946651,0.307592,0.456449,0.737106,0.929212,46.637848,96.983088,1.296606,0.771244,2.254316,0.443593
2012-03-31,2012-03-28,2012-03-28,10267.923636,1660.14307,1562.961,83.227,1098.337,10253.968566,1098.337,0.160542,0.067409,3.97335,5.244498,0.457968,0.587041,0.815144,0.946903,0.312294,0.457652,0.737058,0.928623,46.959912,97.095092,1.314673,0.760646,2.27603,0.439362
2012-04-30,2012-04-25,2012-04-25,10391.557225,1662.258609,1524.277,92.447,1100.359,10346.022616,1100.359,0.156265,0.067001,3.991837,5.289785,0.44743,0.580988,0.81471,0.947397,0.303489,0.451448,0.734749,0.928418,46.29118,98.017899,1.284576,0.778467,2.253367,0.44378
2012-05-31,2012-05-30,2012-05-30,10477.652759,1650.735317,1523.994,93.526,1110.339,10444.437442,1110.339,0.154869,0.068097,3.983155,5.320541,0.445737,0.581293,0.816424,0.947879,0.302237,0.450394,0.735738,0.927816,46.554736,99.000578,1.281336,0.780436,2.25417,0.443622
2012-06-30,2012-06-27,2012-06-27,10456.370228,1659.581254,1490.088,83.737,1110.178,10370.613975,1110.178,0.151758,0.06946,3.9835,5.353487,0.445728,0.581589,0.816939,0.947185,0.302141,0.448412,0.734098,0.926277,46.224779,98.228885,1.290938,0.77463,2.265263,0.44145
2012-07-31,2012-07-25,2012-07-25,10600.157904,1643.854458,1567.867,87.501,1112.038,10611.671446,1112.038,0.155995,0.066337,3.950997,5.371059,0.444329,0.582755,0.818702,0.948456,0.297114,0.445978,0.732965,0.926469,47.150708,100.646987,1.293018,0.773385,2.283538,0.437917
2012-08-31,2012-08-29,2012-08-29,10749.835376,1635.857225,1531.187,92.651,1123.492,10737.816151,1123.492,0.151226,0.066638,3.909886,5.349192,0.447105,0.585425,0.823197,0.949654,0.302019,0.449286,0.73671,0.927146,48.009317,101.972124,1.301621,0.768273,2.300912,0.43461
2012-09-30,2012-09-26,2012-09-26,10689.565062,1647.577823,1470.536,89.536,1128.131,10602.059239,1128.131,0.147148,0.068479,3.923523,5.384275,0.443112,0.581989,0.822691,0.949192,0.299683,0.445726,0.73397,0.925942,46.978978,100.633923,1.296217,0.771476,2.289161,0.436841
2012-10-31,2012-10-31,2012-10-31,10880.279001,1645.333828,1434.399,99.748,1141.971,10769.092173,1141.971,0.142458,0.068409,3.921034,5.385342,0.435422,0.578231,0.823263,0.949684,0.295943,0.444354,0.733216,0.925928,46.890961,102.272398,1.282095,0.779973,2.281144,0.438377
2012-11-30,2012-11-28,2012-11-28,11025.594861,1646.54499,1539.515,93.23,1152.945,11011.794871,1152.945,0.148272,0.068252,3.864635,5.376171,0.442771,0.584276,0.826839,0.950906,0.300023,0.447567,0.734765,0.92632,48.757009,104.711817,1.308631,0.764157,2.321797,0.430701
2012-12-31,2012-12-26,2012-12-26,11046.013449,1656.54782,1532.651,99.853,1167.067,11021.969628,1167.067,0.148114,0.069331,3.848137,5.40153,0.437181,0.580416,0.827205,0.95137,0.294321,0.442933,0.732852,0.92567,48.185987,104.85972,1.299809,0.769344,2.313708,0.432207
2013-01-31,2013-01-30,2013-01-30,11108.132167,1710.056144,1644.994,98.432,1156.309,11141.502023,1156.309,0.15648,0.069484,3.805533,5.413065,0.443481,0.585895,0.829327,0.95194,0.293901,0.442581,0.732281,0.925366,49.410437,106.060435,1.327013,0.753572,2.355918,0.424463
2013-02-28,2013-02-27,2013-02-27,11301.164609,1749.543604,1754.362,100.612,1171.361,11406.595005,1171.361,0.162623,0.068356,3.751015,5.391725,0.455682,0.597142,0.833245,0.952846,0.30189,0.450516,0.736353,0.926132,51.977793,108.687276,1.364649,0.732789,2.405767,0.415668
2013-03-31,2013-03-27,2013-03-27,11333.676059,1794.458379,1829.612,92.541,1177.717,11461.37068,1177.717,0.167707,0.069193,3.697337,5.377345,0.463934,0.602432,0.834258,0.953113,0.305799,0.451836,0.735815,0.925539,53.173177,109.239794,1.406681,0.710893,2.453982,0.407501
2013-04-30,2013-04-24,2013-04-24,11409.572324,1836.226462,1749.487,90.455,1180.391,11413.287861,1180.391,0.161211,0.070041,3.761199,5.423235,0.451199,0.59482,0.829789,0.952852,0.29642,0.446201,0.732877,0.925155,51.496645,108.751709,1.357406,0.736699,2.394837,0.417565
2013-05-31,2013-05-29,2013-05-29,11390.12274,1883.557131,2022.589,88.177,1192.294,11617.331609,1192.294,0.181691,0.069973,3.707833,5.485655,0.460124,0.602256,0.831553,0.953636,0.290501,0.441862,0.731604,0.924045,53.454133,110.787088,1.38871,0.720093,2.437662,0.410229
2013-06-30,2013-06-26,2013-06-26,11330.959674,1928.414452,2017.728,88.693,1193.369,11508.966221,1193.369,0.183024,0.071063,3.712,5.52084,0.461546,0.602186,0.830784,0.952865,0.2896,0.439026,0.729431,0.922473,53.11917,109.664911,1.400571,0.713995,2.445267,0.408953
2013-07-31,2013-07-31,2013-07-31,11477.719225,1982.406857,2120.843,91.085,1197.437,11707.240369,1197.437,0.188937,0.068953,3.682997,5.528158,0.462789,0.603743,0.83077,0.953799,0.286133,0.436572,0.728476,0.922682,54.179839,111.66351,1.407952,0.710252,2.463701,0.405893
2013-08-31,2013-08-28,2013-08-28,11520.499871,2023.608311,2264.575,90.524,1203.639,11851.99056,1203.639,0.198709,0.06951,3.61299,5.514265,0.476158,0.612894,0.834241,0.954906,0.292353,0.439902,0.731291,0.923323,56.434252,113.175337,1.461518,0.68422,2.530474,0.395183
2013-09-30,2013-09-25,2013-09-25,11590.384016,2062.002538,2307.012,103.17,1205.957,11938.563477,1205.957,0.201882,0.070012,3.629978,5.556467,0.469704,0.607971,0.831998,0.955211,0.282875,0.432258,0.727582,0.923026,56.075904,114.038414,1.440323,0.694289,2.510037,0.398401
2013-10-31,2013-10-30,2013-10-30,11679.921582,2117.749345,2434.944,114.29,1218.777,12111.406237,1218.777,0.210482,0.069557,3.576176,5.558534,0.477003,0.612605,0.833359,0.955645,0.283508,0.431209,0.726818,0.922444,57.771793,115.742036,1.472644,0.679051,2.552872,0.391716
2013-11-30,2013-11-27,2013-11-27,11712.156706,2163.665151,2488.387,107.739,1227.314,12144.617555,1227.314,0.213768,0.070403,3.539256,5.552585,0.486341,0.618133,0.835792,0.955734,0.28992,0.433815,0.730444,0.921725,59.06422,116.070268,1.507246,0.663462,2.590804,0.385981
2013-12-31,2013-12-31,2013-12-25,11854.358465,2208.775332,2450.73,151.257,1238.498,12247.570132,1238.498,0.212449,0.070846,3.534902,5.54827,0.481756,0.614386,0.834769,0.956229,0.285584,0.429906,0.72949,0.921965,59.003382,117.114774,1.491756,0.670351,2.577305,0.388002
2014-01-31,2014-01-29,2014-01-29,11810.245928,2243.174905,2525.773,195.428,1226.456,12288.272022,1226.456,0.222668,0.069427,3.530664,5.601391,0.483193,0.614077,0.834846,0.956321,0.279826,0.423586,0.726314,0.920965,59.376036,117.515348,1.499108,0.667063,2.591829,0.385828
2014-02-28,2014-02-26,2014-02-26,11996.367489,2277.960942,2610.54,232.674,1250.946,12561.620546,1250.946,0.22857,0.068547,3.490707,5.57664,0.49586,0.616178,0.838936,0.956498,0.289679,0.423611,0.732141,0.920795,62.288104,120.151693,1.533377,0.652155,2.633563,0.379714
2014-03-31,2014-03-26,2014-03-26,12120.416869,2311.537055,2611.169,197.795,1268.316,12617.843814,1268.316,0.225868,0.069427,3.482451,5.55069,0.495819,0.614222,0.837019,0.956635,0.291905,0.425561,0.731608,0.920834,62.561645,120.706656,1.536521,0.650821,2.632529,0.379863
2014-04-30,2014-04-30,2014-04-30,12026.426399,2350.271943,2514.438,325.498,1272.401,12516.090456,1272.401,0.231377,0.070256,3.516385,5.625364,0.49138,0.611091,0.834161,0.95614,0.282958,0.419944,0.727095,0.919436,61.501519,119.67137,1.511948,0.661399,2.599288,0.384721
2014-05-31,2014-05-28,2014-05-28,11962.171677,2370.687164,2677.298,278.205,1281.809,12546.987513,1281.809,0.241054,0.071504,3.51048,5.665141,0.498418,0.616611,0.834968,0.95566,0.283649,0.423229,0.728128,0.918014,62.536483,119.906537,1.534095,0.65185,2.619215,0.381794
2014-06-30,2014-06-25,2014-06-25,12070.52984,2396.971539,2628.055,222.743,1280.115,12524.3563,1280.115,0.234167,0.072395,3.578838,5.690705,0.48778,0.606163,0.830086,0.954915,0.27789,0.418206,0.725678,0.917579,61.091344,119.596896,1.490308,0.671002,2.566596,0.389621
2014-07-31,2014-07-30,2014-07-30,12149.184491,2420.245268,2785.792,228.73,1285.953,12743.461223,1285.953,0.244166,0.070645,3.540139,5.68704,0.49485,0.61174,0.831113,0.955359,0.278899,0.420255,0.725139,0.917342,63.060959,121.745854,1.520916,0.657498,2.60899,0.38329
2014-08-31,2014-08-27,2014-08-27,12156.413034,2435.927443,2778.394,282.002,1290.223,12780.881591,1290.223,0.248057,0.071796,3.528518,5.682442,0.501501,0.617617,0.832932,0.954907,0.283628,0.425421,0.730256,0.916481,64.096214,122.045482,1.546387,0.646669,2.634638,0.379559
2014-09-30,2014-09-24,2014-09-24,12280.525866,2448.624634,2707.185,261.724,1289.181,12800.810232,1289.181,0.241539,0.072649,3.586258,5.689128,0.491314,0.608892,0.82836,0.954553,0.278447,0.421082,0.72792,0.916619,62.89219,122.190509,1.505371,0.664288,2.58506,0.386838
2014-10-31,2014-10-29,2014-10-29,12348.887657,2461.579393,2627.273,236.689,1299.185,12751.270264,1299.185,0.235423,0.073349,3.634814,5.690713,0.485808,0.605278,0.824874,0.953559,0.277789,0.421665,0.72677,0.916012,61.946706,121.590859,1.482124,0.674708,2.550424,0.392092
2014-11-30,2014-11-26,2014-11-26,12329.453447,2461.644731,2479.295,251.473,1317.434,12598.576716,1317.434,0.228736,0.075319,3.698182,5.70322,0.483335,0.605589,0.823086,0.952361,0.280505,0.427454,0.72943,0.915521,60.893279,119.983981,1.460232,0.684823,2.504621,0.399262
2014-12-31,2014-12-31,2014-12-31,12504.70759,2461.363674,2377.995,509.837,1342.957,12931.175916,1342.957,0.236005,0.074464,3.670263,5.675691,0.485078,0.605787,0.823284,0.952937,0.27867,0.425991,0.729201,0.916044,62.726258,123.225976,1.469145,0.680668,2.518348,0.397086
2015-01-31,2015-01-28,2015-01-28,12391.926197,2460.803978,2662.575,281.49,1330.113,12875.18722,1330.113,0.241399,0.073757,3.691713,5.715481,0.486528,0.608558,0.822287,0.953508,0.27613,0.426564,0.726998,0.916554,62.641328,122.765997,1.478244,0.676478,2.52506,0.39603
2015-02-28,2015-02-25,2015-02-25,12478.603017,2460.166513,2346.998,306.171,1351.285,12671.605503,1351.285,0.22453,0.075256,3.815047,5.724957,0.470398,0.600308,0.817594,0.951689,0.273579,0.429674,0.729319,0.916377,59.606927,120.594317,1.415533,0.706448,2.430704,0.411403
2015-03-31,2015-03-25,2015-03-25,12630.118711,2459.665396,2737.802,278.847,1357.531,13187.102314,1357.531,0.244302,0.07297,3.733773,5.709915,0.479834,0.606395,0.817394,0.952963,0.272991,0.427555,0.725565,0.916755,63.276214,125.668163,1.463182,0.683442,2.502608,0.399583
2015-04-30,2015-04-29,2015-04-29,12631.817659,2459.584533,2581.067,249.887,1360.72,13003.187126,1360.72,0.234634,0.073899,3.828802,5.737101,0.470469,0.599936,0.811811,0.951588,0.272817,0.427712,0.723226,0.916024,61.176,123.736829,1.410409,0.709014,2.430794,0.411388
2015-05-31,2015-05-27,2015-05-27,12598.468778,2460.63859,2536.919,278.637,1369.793,12953.386187,1369.793,0.235347,0.07556,3.860289,5.755255,0.471976,0.601944,0.813433,0.950523,0.277505,0.432194,0.727866,0.914857,61.136881,123.12496,1.412103,0.708164,2.422014,0.41288
2015-06-30,2015-06-24,2015-06-24,12698.704454,2460.910133,2493.529,289.416,1365.481,13020.739321,1365.481,0.232624,0.075886,3.920258,5.776208,0.464044,0.59421,0.807412,0.949724,0.274164,0.427481,0.723142,0.914437,60.421985,123.661026,1.382625,0.723262,2.388931,0.418597
2015-07-31,2015-07-29,2015-07-29,12801.042225,2461.500802,2632.83,242.511,1372.825,13214.882423,1372.825,0.237333,0.074694,3.905285,5.758385,0.469369,0.596976,0.808115,0.949755,0.27858,0.429739,0.724265,0.914371,62.026499,125.509034,1.398982,0.714805,2.41035,0.414878
2015-08-31,2015-08-26,2015-08-26,12834.158341,2461.875367,2705.163,231.876,1378.344,13309.321975,1378.344,0.241261,0.075655,3.920974,5.773917,0.470334,0.59659,0.808934,0.949467,0.278429,0.429916,0.727634,0.914274,62.598263,126.36765,1.398408,0.715099,2.408645,0.415171
2015-09-30,2015-09-30,2015-09-30,12841.360706,2461.947501,2197.657,641.081,1387.621,13218.151205,1387.621,0.236472,0.077176,3.985286,5.793398,0.463536,0.590548,0.804519,0.948459,0.276113,0.427106,0.724777,0.913641,61.270885,125.368809,1.367348,0.731343,2.36322,0.423151
2015-10-31,2015-10-28,2015-10-28,12720.226525,2461.799445,2668.187,344.81,1395.049,13271.424079,1395.049,0.248653,0.077298,3.978102,5.841129,0.469594,0.595184,0.806234,0.947665,0.27382,0.425577,0.723691,0.911779,62.321844,125.768625,1.390296,0.719271,2.385355,0.419225
2015-11-30,2015-11-25,2015-11-25,13107.567408,2461.628178,2574.961,291.792,1410.74,13512.69223,1410.74,0.235463,0.076761,3.984615,5.733178,0.471495,0.593457,0.805923,0.947822,0.288937,0.434698,0.728814,0.913586,63.711678,128.076236,1.383349,0.722883,2.379032,0.420339
2015-12-31,2015-12-30,2015-12-30,13191.480197,2461.553878,2208.681,498.519,1426.172,13437.126319,1426.172,0.22588,0.078366,4.038174,5.712553,0.465177,0.587354,0.80244,0.946884,0.290825,0.434962,0.728451,0.913482,62.506467,127.234002,1.353976,0.738565,2.336025,0.428078
2016-01-31,2016-01-27,2016-01-27,13065.1866,2459.429591,2399.266,309.105,1413.558,13314.128009,1413.558,0.224975,0.078537,4.078005,5.754121,0.464603,0.586474,0.803392,0.946748,0.289519,0.433949,0.729347,0.913233,61.85781,126.051235,1.351317,0.740019,2.32763,0.429622
2016-02-29,2016-02-24,2016-02-24,13297.652326,2429.372403,2426.047,286.676,1430.519,13581.002923,1430.519,0.222937,0.077435,4.093129,5.740984,0.470698,0.588569,0.806517,0.947032,0.298958,0.441924,0.735346,0.914155,63.925536,128.616502,1.34104,0.74569,2.319057,0.43121
2016-03-31,2016-03-30,2016-03-30,13431.06378,2437.739138,2336.085,369.688,1443.269,13699.097642,1443.269,0.221456,0.077693,4.084139,5.711012,0.472689,0.588063,0.805556,0.947002,0.301983,0.443456,0.734797,0.91439,64.75408,129.730745,1.346658,0.742579,2.324979,0.430111
2016-04-30,2016-04-27,2016-04-27,13202.995106,2434.041788,2353.257,267.113,1448.386,13389.323317,1448.386,0.21714,0.0775,4.165312,5.790784,0.468204,0.582818,0.801274,0.945168,0.29705,0.438594,0.729986,0.912288,62.689357,126.55158,1.315743,0.760027,2.273334,0.439883
2016-05-31,2016-05-25,2016-05-25,13378.446724,2436.388837,2339.987,311.723,1454.439,13593.767887,1454.439,0.21824,0.077671,4.182145,5.801438,0.46574,0.579873,0.800797,0.945212,0.295264,0.437789,0.731762,0.912462,63.311554,128.489914,1.304527,0.766561,2.264025,0.441691
2016-06-30,2016-06-29,2016-06-29,13417.691419,2448.736251,2199.118,403.727,1462.848,13571.800168,1462.848,0.21595,0.078376,4.222333,5.8139,0.462433,0.575381,0.798314,0.944204,0.293925,0.43609,0.729842,0.911768,62.760474,128.145495,1.290394,0.774957,2.242828,0.445866
2016-07-31,2016-07-27,2016-07-27,13346.36795,2455.5698,2332.237,309.026,1462.758,13532.06115,1462.758,0.216394,0.078329,4.229783,5.83406,0.465249,0.575164,0.799149,0.943445,0.294276,0.435081,0.729455,0.910603,62.957804,127.667608,1.301414,0.768395,2.251255,0.444197
2016-08-31,2016-08-31,2016-08-31,13585.969046,2463.645167,2230.607,422.53,1468.858,13775.460878,1468.858,0.215465,0.078255,4.221267,5.793901,0.46629,0.574689,0.801302,0.943869,0.298305,0.438683,0.734279,0.911751,64.233631,130.022265,1.301645,0.768259,2.258537,0.442765
2016-09-30,2016-09-28,2016-09-28,13647.501957,2456.632938,2085.237,514.81,1470.211,13790.916019,1470.211,0.212374,0.078904,4.249855,5.786468,0.46322,0.571103,0.798942,0.943362,0.298545,0.438299,0.732875,0.911578,63.882266,130.098241,1.289023,0.775781,2.242596,0.445912
2016-10-31,2016-10-26,2016-10-26,13756.954825,2457.015119,2065.02,384.809,1477.728,13749.768706,1477.728,0.200202,0.079545,4.293254,5.758378,0.458778,0.566082,0.796184,0.942337,0.301472,0.440162,0.7327,0.911425,63.08096,129.569118,1.272163,0.786063,2.217026,0.451055
2016-11-30,2016-11-30,2016-11-30,13908.369746,2463.861306,2015.312,462.691,1495.121,13922.51144,1495.121,0.20061,0.079514,4.276056,5.73591,0.463295,0.569101,0.79887,0.94257,0.306107,0.445931,0.737873,0.912,64.502245,131.229395,1.284718,0.778381,2.230733,0.448283
2016-12-31,2016-12-28,2016-12-28,13812.083858,2451.899545,1942.975,573.757,1509.062,13876.916313,1509.062,0.204997,0.080904,4.283952,5.754482,0.463401,0.567839,0.797959,0.941789,0.304384,0.443227,0.735812,0.910788,64.305723,130.691288,1.288629,0.776018,2.228232,0.448786
2017-01-31,2017-01-25,2017-01-25,13850.661057,2456.105886,2137.012,361.564,1499.324,13893.131171,1499.324,0.201648,0.080425,4.336141,5.787144,0.453893,0.561483,0.796293,0.942068,0.297262,0.43795,0.734479,0.911397,63.059916,130.882807,1.260562,0.793297,2.197668,0.455028
2017-02-28,2017-02-22,2017-02-22,13885.827263,2450.280802,2243.156,425.529,1512.54,14104.231461,1512.54,0.211545,0.079751,4.321716,5.818915,0.458716,0.56632,0.798391,0.942007,0.298063,0.440314,0.736376,0.910885,64.6983,132.862796,1.275682,0.783894,2.216285,0.451206
2017-03-31,2017-03-29,2017-03-29,13953.57066,2450.776087,2269.984,510.897,1536.37,14283.675573,1536.37,0.217763,0.079994,4.296617,5.81291,0.460854,0.567623,0.798326,0.942176,0.297882,0.439372,0.734668,0.91067,65.826936,134.577419,1.286762,0.777145,2.228405,0.448752
2017-04-30,2017-04-26,2017-04-26,13801.483169,2450.671552,2200.67,363.073,1542.773,13914.554617,1542.773,0.204875,0.080028,4.402783,5.859913,0.452188,0.559475,0.792964,0.940037,0.297063,0.437552,0.731424,0.909059,62.919877,130.80196,1.244006,0.803854,2.162955,0.462331
2017-05-31,2017-05-31,2017-05-31,13969.554991,2464.695563,2129.606,502.159,1556.524,14136.624428,1556.524,0.208449,0.079642,4.397272,5.865375,0.45123,0.560134,0.793245,0.940258,0.296554,0.439154,0.732955,0.909182,63.788705,132.920801,1.242129,0.805069,2.164065,0.462093
2017-06-30,2017-06-28,2017-06-28,13997.88499,2452.160947,2118.108,504.865,1559.157,14168.697043,1559.157,0.208385,0.080093,4.425322,5.87793,0.447377,0.55696,0.791285,0.939531,0.294888,0.437253,0.731021,0.908483,63.387555,133.119249,1.232755,0.811191,2.152317,0.464616
2017-07-31,2017-07-26,2017-07-26,14048.642425,2453.375312,2293.616,343.796,1561.993,14232.679113,1561.993,0.206632,0.079699,4.430228,5.873054,0.446295,0.556246,0.792136,0.939258,0.294976,0.437056,0.731644,0.908216,63.519797,133.681531,1.23381,0.810497,2.153526,0.464355
2017-08-31,2017-08-30,2017-08-30,14082.032009,2462.102583,2331.956,388.708,1570.546,14340.593425,1570.546,0.211683,0.080092,4.425365,5.893491,0.447245,0.557896,0.793269,0.939189,0.294392,0.439442,0.7338,0.90793,64.137594,134.685216,1.238367,0.807515,2.159314,0.46311
2017-09-30,2017-09-27,2017-09-27,14097.346999,2454.480427,2178.836,455.073,1580.239,14276.775571,1580.239,0.207463,0.08114,4.440573,5.869313,0.447098,0.556853,0.791624,0.938359,0.29858,0.44147,0.733302,0.907468,63.831204,133.967427,1.240053,0.806417,2.154327,0.464182
2017-10-31,2017-10-25,2017-10-25,14262.146713,2457.025946,2241.618,347.903,1584.056,14394.641768,1584.056,0.200901,0.081072,4.461535,5.848709,0.441695,0.553024,0.789529,0.938034,0.29745,0.440828,0.732334,0.907692,63.580375,135.026694,1.227167,0.814885,2.1425,0.466744
2017-11-30,2017-11-29,2017-11-29,14426.012791,2449.089915,2271.171,294.644,1599.986,14542.737876,1599.986,0.198093,0.081456,4.455204,5.815809,0.444328,0.555991,0.790759,0.938367,0.305593,0.447939,0.736205,0.908914,64.617434,136.464222,1.232036,0.811664,2.147973,0.465555
2017-12-31,2017-12-27,2017-12-27,14377.257192,2436.714994,2176.452,386.791,1616.33,14503.785199,1616.33,0.199344,0.082579,4.455435,5.810901,0.445193,0.555746,0.79015,0.937641,0.306491,0.447239,0.735157,0.908051,64.569897,135.99347,1.238555,0.807392,2.149246,0.465279
2018-01-31,2018-01-31,2018-01-31,14503.016997,2436.211271,2142.376,310.476,1607.534,14519.657725,1607.534,0.189732,0.082264,4.503058,5.809625,0.437493,0.550481,0.788787,0.937912,0.303225,0.445476,0.735286,0.909126,63.522524,136.181669,1.212821,0.824524,2.121323,0.471404
2018-02-28,2018-02-28,2018-02-28,14666.414284,2424.241799,2208.308,277.458,1627.206,14727.938485,1627.206,0.190302,0.081523,4.487387,5.801569,0.443585,0.550969,0.792204,0.937753,0.310388,0.445792,0.739756,0.908878,65.330866,138.111727,1.22443,0.816706,2.134744,0.46844
2018-03-31,2018-03-28,2018-03-28,14835.713521,2393.68201,2119.005,255.44,1636.887,14816.476511,1636.887,0.181652,0.082194,4.464356,5.725993,0.447995,0.555403,0.792316,0.937492,0.32075,0.454851,0.741941,0.909269,66.377033,138.903304,1.243867,0.803945,2.156202,0.463778
2018-04-30,2018-04-25,2018-04-25,14838.36562,2378.871568,2010.948,238.414,1643.264,14708.856052,1643.264,0.174013,0.080783,4.56017,5.780077,0.434384,0.544018,0.786845,0.937036,0.312108,0.446871,0.738176,0.909806,63.892878,137.827295,1.1904,0.840054,2.091022,0.478235
2018-05-31,2018-05-30,2018-05-30,14927.867127,2358.623995,2005.886,245.554,1661.24,14820.683132,1661.24,0.173773,0.081098,4.56917,5.793622,0.434633,0.544872,0.787976,0.936725,0.313932,0.449288,0.739687,0.909373,64.415612,138.829019,1.187722,0.841948,2.084885,0.479643
2018-06-30,2018-06-27,2018-06-27,14877.270015,2347.795993,1940.916,260.837,1665.232,14731.227022,1665.232,0.172541,0.082114,4.595822,5.806247,0.433666,0.545768,0.786215,0.935441,0.31416,0.450472,0.738142,0.908163,63.88432,137.801887,1.189828,0.840457,2.08149,0.480425
2018-07-31,2018-07-25,2018-07-25,15074.892747,2329.590613,1947.287,250.34,1668.221,14942.929134,1668.221,0.168347,0.081129,4.596469,5.786552,0.430245,0.542787,0.786939,0.93569,0.312237,0.448931,0.739164,0.908694,64.291234,139.81942,1.184042,0.844564,2.080994,0.48054
2018-08-31,2018-08-29,2018-08-29,15291.428457,2303.656956,1880.507,232.432,1680.957,15100.710501,1680.957,0.16212,0.08137,4.589943,5.743071,0.431957,0.544896,0.789305,0.935842,0.321087,0.456741,0.744688,0.90959,65.22865,141.318783,1.187547,0.842072,2.08593,0.479402
2018-09-30,2018-09-26,2018-09-26,15175.149099,2294.201396,1837.874,229.759,1685.924,14948.580704,1685.924,0.161796,0.082879,4.635791,5.776341,0.428003,0.543063,0.786124,0.934516,0.317978,0.455155,0.741683,0.908233,63.980382,139.696814,1.178284,0.848692,2.065854,0.484061
2018-10-31,2018-10-31,2018-10-31,15347.487311,2270.398874,1771.541,236.53,1695.923,15085.159438,1695.923,0.154925,0.082512,4.660329,5.76434,0.420801,0.536348,0.783856,0.93421,0.314421,0.451123,0.740538,0.908379,63.47856,140.927102,1.161777,0.860751,2.049302,0.487971
2018-11-30,2018-11-28,2018-11-28,15549.700599,2228.200946,1758.681,227.315,1706.356,15307.495654,1706.356,0.152511,0.082193,4.643796,5.740486,0.424598,0.540842,0.786561,0.93469,0.320713,0.456022,0.74359,0.909044,64.995301,143.077633,1.17081,0.854109,2.062124,0.484937
2018-12-31,2018-12-26,2018-12-26,15607.898435,2222.507175,1660.932,244.82,1716.027,15291.14326,1716.027,0.1485,0.083295,4.676859,5.738146,0.418347,0.535826,0.784114,0.933903,0.317697,0.453502,0.742359,0.908676,63.970043,142.804492,1.157323,0.864063,2.043014,0.489473
2019-01-31,2019-01-30,2019-01-30,15609.438917,2205.82105,1609.14,249.236,1703.311,15261.993867,1703.311,0.144304,0.08304,4.722783,5.761437,0.412752,0.532435,0.783138,0.933815,0.314163,0.451837,0.741945,0.908747,62.994239,142.518759,1.140409,0.876879,2.024068,0.494054
2019-02-28,2019-02-27,2019-02-27,15759.268451,2169.562962,1682.21,251.348,1712.304,15523.263489,1712.304,0.147878,0.081925,4.700807,5.766922,0.414193,0.538356,0.782619,0.934034,0.313424,0.456221,0.740576,0.908771,64.296216,144.992498,1.155623,0.865334,2.045013,0.488995
2019-03-31,2019-03-27,2019-03-27,15834.653717,2153.21706,1632.788,241.6,1723.715,15555.824657,1723.715,0.144921,0.082566,4.690151,5.72955,0.416735,0.541864,0.784172,0.933486,0.318619,0.461931,0.742982,0.908512,64.826571,145.211487,1.170444,0.854376,2.057402,0.48605
2019-04-30,2019-04-24,2019-04-24,15870.503492,2121.797574,1472.812,270.4,1728.584,15491.917918,1728.584,0.135713,0.080894,4.778442,5.773277,0.403964,0.530975,0.776898,0.933231,0.31103,0.455083,0.737484,0.909263,62.581758,144.575378,1.124565,0.889233,2.002339,0.499416
2019-05-31,2019-05-29,2019-05-29,15930.843049,2094.687071,1534.792,265.417,1739.594,15636.364978,1739.594,0.13936,0.08136,4.781852,5.808409,0.40473,0.531709,0.778518,0.932994,0.310684,0.455456,0.737467,0.908483,63.285078,145.886311,1.125756,0.888292,2.003525,0.49912
2019-06-30,2019-06-26,2019-06-26,15828.565271,2088.793529,1508.451,272.189,1742.065,15520.411742,1742.065,0.140178,0.083276,4.814452,5.836653,0.402154,0.531064,0.778677,0.931766,0.307869,0.454783,0.73746,0.907167,62.415939,144.613879,1.123323,0.890216,1.994825,0.501297
2019-07-31,2019-07-31,2019-07-31,15959.262994,2080.699849,1490.546,308.71,1747.711,15677.819145,1747.711,0.138615,0.082424,4.832534,5.847233,0.397174,0.527118,0.776274,0.931748,0.303372,0.450618,0.734935,0.907225,62.268197,146.077816,1.109917,0.900969,1.982798,0.504338
2019-08-31,2019-08-28,2019-08-28,16046.614037,2080.456028,1504.243,286.72,1754.886,15757.121009,1754.886,0.138534,0.082483,4.821057,5.857944,0.404652,0.535088,0.781754,0.931188,0.3114,0.457954,0.739242,0.906585,63.761491,146.728415,1.129798,0.885114,2.003135,0.499217
2019-09-30,2019-09-25,2019-09-25,16338.462985,2094.69727,1427.289,290.541,1762.848,15961.595715,1762.848,0.13328,0.082271,4.824088,5.815486,0.400089,0.53021,0.777681,0.931492,0.310803,0.45633,0.736762,0.907582,63.860596,148.680975,1.119667,0.893123,1.996265,0.500936
2019-10-31,2019-10-30,2019-10-30,16505.246602,2159.808777,1484.718,289.661,1781.021,16119.816825,1781.021,0.134282,0.082441,4.795849,5.778892,0.401694,0.531719,0.778076,0.931662,0.312143,0.457552,0.737245,0.907866,64.752313,150.182198,1.128817,0.885883,2.007527,0.498125
2019-11-30,2019-11-28,2019-11-27,16527.458775,2239.522246,1559.719,281.921,1792.26,16129.576529,1792.26,0.139332,0.082963,4.78794,5.79542,0.408682,0.538785,0.783055,0.931003,0.316529,0.464862,0.741026,0.906848,65.918741,150.166796,1.144628,0.873646,2.020581,0.494907
2019-12-31,2019-12-31,2019-12-25,16673.259402,2328.933293,1648.238,253.49,1802.303,16246.054109,1802.303,0.14312,0.083374,4.800258,5.795786,0.401902,0.532507,0.77902,0.930982,0.310246,0.458741,0.737067,0.906998,65.29319,151.247778,1.130817,0.884316,2.00614,0.49847
2020-01-31,2020-01-29,2020-01-29,16711.125709,2392.402819,1612.223,233.404,1792.716,16164.349891,1792.716,0.138929,0.083277,4.852357,5.807816,0.396236,0.528986,0.778489,0.930066,0.309046,0.458649,0.738758,0.90655,64.048957,150.339131,1.112017,0.899267,1.982723,0.504357
2020-02-29,2020-02-26,2020-02-26,16810.82563,2454.648165,1680.07,219.968,1799.993,16256.215465,1799.993,0.142447,0.083036,4.827199,5.803769,0.411916,0.541044,0.786299,0.92952,0.324656,0.471197,0.745913,0.905699,66.961902,151.104716,1.136634,0.879791,2.008847,0.497798
2020-03-31,2020-03-25,2020-03-25,17153.930684,2954.07945,2347.747,359.114,1872.175,16906.712234,1872.175,0.185729,0.078624,4.515322,5.745029,0.44433,0.567324,0.79914,0.934735,0.326069,0.473272,0.746437,0.906925,75.121561,158.03299,1.245287,0.803028,2.147077,0.465749
2020-04-30,2020-04-29,2020-04-29,18526.727987,3950.541658,3163.512,269.106,1910.437,18008.80433,1910.437,0.213271,0.067444,3.908242,5.357593,0.520347,0.626359,0.827047,0.943899,0.373756,0.510508,0.763032,0.91318,93.708339,169.984981,1.521577,0.657213,2.509719,0.398451
2020-05-31,2020-05-27,2020-05-27,19120.442924,4084.475666,3317.688,243.976,1948.087,18597.631258,1948.087,0.21443,0.064948,3.757311,5.228393,0.543673,0.643775,0.835812,0.945844,0.396928,0.527179,0.770758,0.91531,101.110258,175.904487,1.618946,0.617686,2.626655,0.380712
2020-06-30,2020-06-24,2020-06-24,19898.636284,4163.919394,2937.657,220.362,1963.84,18892.735889,1963.84,0.190774,0.063995,3.793601,5.130496,0.538223,0.640846,0.833501,0.945034,0.406349,0.53498,0.773969,0.916632,101.685122,178.542765,1.58811,0.629679,2.592529,0.385724
2020-07-31,2020-07-29,2020-07-29,20000.535306,4259.128463,2685.376,217.053,1992.702,18643.835844,1992.702,0.178256,0.06333,3.875902,5.161114,0.530239,0.634574,0.830046,0.943564,0.40396,0.533212,0.77268,0.915731,98.856798,175.916461,1.534702,0.651592,2.513645,0.397829
2020-08-31,2020-08-26,2020-08-26,20183.417859,4334.248626,2875.399,213.075,2013.864,18937.643233,2013.864,0.186333,0.062707,3.884107,5.231384,0.533063,0.636681,0.831443,0.942694,0.401948,0.531816,0.771457,0.91392,100.949647,178.524,1.545312,0.647119,2.520685,0.396718
2020-09-30,2020-09-30,2020-09-30,20367.611935,4445.477017,2743.245,205.233,2032.506,18870.612918,2032.506,0.180742,0.063284,3.945179,5.258659,0.526108,0.630812,0.827307,0.941448,0.398389,0.528378,0.768341,0.913046,99.279723,177.657041,1.513105,0.660893,2.471498,0.404613
2020-10-31,2020-10-28,2020-10-28,20276.323518,4495.420541,2947.256,201.893,2044.925,18930.051977,2044.925,0.18787,0.063766,3.924216,5.286413,0.530882,0.632315,0.827653,0.941228,0.396193,0.524791,0.766044,0.911847,100.496299,178.174889,1.535169,0.651394,2.492421,0.401216
2020-11-30,2020-11-25,2020-11-25,20685.081348,4568.831121,3143.863,197.904,2065.945,19458.017227,2065.945,0.195241,0.062442,3.960615,5.349739,0.528876,0.629804,0.826399,0.94051,0.392186,0.521676,0.763611,0.910676,102.908853,183.004663,1.515635,0.65979,2.470709,0.404742
2020-12-31,2020-12-30,2020-12-30,20973.063037,4632.775105,3142.97,209.763,2086.84,19693.020932,2086.84,0.194687,0.062133,3.971433,5.35662,0.526966,0.62782,0.824613,0.940272,0.390354,0.51948,0.761835,0.910216,103.775516,185.167904,1.505471,0.664244,2.45731,0.406949
2021-01-31,2021-01-27,2021-01-27,20881.006247,4715.392854,3228.751,210.578,2097.366,19604.942394,2097.366,0.197123,0.060765,3.974197,5.388481,0.530767,0.629127,0.825486,0.939714,0.389897,0.517697,0.761643,0.908976,104.056477,184.230386,1.517922,0.658795,2.461121,0.406319
2021-02-28,2021-02-24,2021-02-24,21034.79122,4783.660655,3384.183,205.373,2102.578,19840.686565,2102.578,0.205074,0.060091,4.004558,5.465821,0.530469,0.628677,0.825652,0.939123,0.386059,0.515476,0.759939,0.907831,105.248714,186.328421,1.511682,0.661515,2.451386,0.407932
2021-03-31,2021-03-31,2021-03-31,21380.771791,4942.277494,3672.702,352.177,2144.066,20463.373297,2144.066,0.221378,0.058697,3.997219,5.535837,0.52802,0.627469,0.82342,0.939311,0.373615,0.506466,0.753785,0.906572,108.050632,192.214673,1.508676,0.662833,2.448895,0.408347
2021-04-30,2021-04-28,2021-04-28,21449.525826,4954.475409,3889.018,382.891,2163.402,20766.959418,2163.402,0.228962,0.056912,4.009744,5.605849,0.526839,0.626082,0.82135,0.939064,0.365999,0.500421,0.749012,0.905068,109.408453,195.015137,1.499503,0.666888,2.438639,0.410065
2021-05-31,2021-05-26,2021-05-26,21298.120245,5036.085655,3851.623,670.433,2172.862,20784.090589,2172.862,0.241803,0.057351,3.993772,5.68739,0.532089,0.628931,0.823018,0.938814,0.362419,0.496583,0.74656,0.90304,110.589923,195.124052,1.524575,0.655921,2.460091,0.406489
2021-06-30,2021-06-30,2021-06-30,21732.905933,5183.384765,3511.63,1260.925,2183.455,21322.076168,2183.455,0.248671,0.056755,4.010777,5.730302,0.527597,0.625874,0.820446,0.938474,0.353319,0.48998,0.742353,0.902252,112.494717,200.102059,1.511793,0.661466,2.45245,0.407756
2021-07-31,2021-07-28,2021-07-28,21528.666593,5228.135014,4001.061,1220.133,2186.212,21521.725579,2186.212,0.264648,0.05567,3.972956,5.79818,0.535564,0.631002,0.82208,0.938624,0.348919,0.485106,0.739153,0.90039,115.262636,202.007994,1.54863,0.645732,2.494215,0.400928
2021-08-31,2021-08-25,2021-08-25,21926.068576,5301.510019,4203.475,1405.11,2188.522,22233.143557,2188.522,0.276033,0.054529,3.982638,5.873865,0.534722,0.631454,0.822062,0.93821,0.342695,0.481839,0.736439,0.898903,118.885518,208.59351,1.549296,0.645454,2.504579,0.399269
2021-09-30,2021-09-29,2021-09-29,21872.583128,5390.010097,4094.809,1702.347,2197.217,22279.729032,2197.217,0.285086,0.055014,4.024783,5.964391,0.529243,0.62647,0.818257,0.937381,0.331263,0.472118,0.730196,0.896975,117.913906,208.846,1.527354,0.654727,2.475392,0.403976
2021-10-31,2021-10-27,2021-10-27,21958.615064,5476.876969,4123.154,1721.484,2205.352,22326.376095,2205.352,0.284166,0.055464,3.994206,5.93918,0.533694,0.628253,0.81863,0.937319,0.334342,0.472982,0.730023,0.896573,119.154493,209.269402,1.554862,0.643144,2.503243,0.399482
2021-11-30,2021-11-24,2021-11-24,22345.487905,5542.497215,4172.807,1758.815,2219.364,22734.61269,2219.364,0.285177,0.055055,4.041577,5.999512,0.527408,0.625054,0.816288,0.936646,0.328897,0.469131,0.727816,0.895616,119.904278,212.94274,1.522546,0.656794,2.468722,0.405068
2021-12-31,2021-12-29,2021-12-29,22583.972703,5600.560667,4039.86,1920.789,2236.344,22944.061036,2236.344,0.285027,0.05549,4.050151,5.999905,0.525195,0.62307,0.814758,0.936329,0.327345,0.467404,0.726169,0.895226,120.501156,214.831922,1.514436,0.660312,2.460273,0.406459
2022-01-31,2022-01-26,2022-01-26,22912.779446,5665.088732,3825.076,1891.19,2229.767,22963.956714,2229.767,0.27287,0.054436,4.093439,5.973075,0.522043,0.620562,0.812464,0.935327,0.331211,0.470335,0.727539,0.895268,119.881723,214.787979,1.498199,0.667468,2.439479,0.409924
2022-02-28,2022-02-23,2022-02-23,23189.843362,5695.719631,3745.976,1993.111,2240.345,23233.21073,2240.345,0.27147,0.054215,4.106101,5.995636,0.522876,0.617939,0.812418,0.934742,0.334844,0.466701,0.728041,0.894478,121.480934,217.170628,1.498695,0.667247,2.44047,0.409757
2022-03-31,2022-03-30,2022-03-30,23279.993374,5711.210555,3773.466,2040.783,2268.11,23383.031819,2268.11,0.273886,0.054931,4.125354,6.022238,0.519776,0.615407,0.809764,0.934209,0.330866,0.463023,0.724696,0.893597,121.53939,218.44639,1.487527,0.672256,2.424427,0.412469
2022-04-30,2022-04-27,2022-04-27,23071.196365,5725.703377,3327.548,2091.563,2270.452,22764.603988,2270.452,0.261245,0.055926,4.232857,6.074893,0.509604,0.607432,0.804139,0.932053,0.328232,0.461289,0.720919,0.89207,116.009295,212.178146,1.43983,0.694526,2.353615,0.424878
2022-05-31,2022-05-25,2022-05-25,23301.036699,5726.39647,3315.018,2258.221,2275.689,23147.879229,2275.689,0.265565,0.056502,4.263699,6.138078,0.505057,0.603833,0.802983,0.931435,0.322908,0.455333,0.718406,0.890857,116.909979,215.607473,1.425784,0.701368,2.340808,0.427203
2022-06-30,2022-06-29,2022-06-29,23306.66952,5714.887761,3118.611,2488.247,2280.885,23198.639759,2280.885,0.267381,0.057424,4.29008,6.164186,0.501309,0.600084,0.801122,0.930651,0.318832,0.451731,0.715956,0.889821,116.296799,215.898262,1.414517,0.706955,2.32683,0.429769
2022-07-31,2022-07-27,2022-07-27,23159.201939,5690.120901,3275.609,2484.253,2274.53,23228.943038,2274.53,0.270693,0.056897,4.285008,6.194853,0.505109,0.603607,0.801639,0.930169,0.318404,0.452335,0.714446,0.88841,117.331477,216.068394,1.431045,0.69879,2.34408,0.426607
2022-08-31,2022-08-31,2022-08-31,23670.04582,5694.99682,3115.846,2528.284,2278.414,23619.179,2278.414,0.263268,0.057105,4.300626,6.169935,0.504372,0.602582,0.801721,0.92959,0.324772,0.455047,0.717202,0.88854,119.128622,219.561482,1.427768,0.700394,2.345574,0.426335
2022-09-30,2022-09-28,2022-09-28,23689.211413,5622.696277,2983.206,2638.289,2279.089,23688.010136,2279.089,0.262477,0.057612,4.321597,6.179472,0.501988,0.600432,0.800026,0.928942,0.323094,0.453436,0.71547,0.887779,118.911043,220.047916,1.420247,0.704103,2.336445,0.428001
2022-10-31,2022-10-26,2022-10-26,23738.572963,5563.495526,3108.146,2489.364,2285.148,23772.587437,2285.148,0.258431,0.058269,4.332855,6.174239,0.499694,0.599816,0.799024,0.928351,0.32231,0.453805,0.714749,0.887168,118.790232,220.693168,1.417003,0.705715,2.331586,0.428893
2022-11-30,2022-11-30,2022-11-30,23948.587797,5515.983527,3052.233,2496.506,2298.418,23981.34327,2298.418,0.255064,0.058518,4.334747,6.163174,0.502411,0.601822,0.800099,0.92796,0.327141,0.457847,0.717332,0.88688,120.48502,222.53724,1.420544,0.703956,2.334866,0.42829
2022-12-31,2022-12-28,2022-12-28,23800.118595,5440.206581,2979.738,2627.152,2307.921,23966.802014,2307.921,0.258563,0.05958,4.334537,6.180659,0.503515,0.60311,0.800087,0.927391,0.326133,0.457075,0.716066,0.885633,120.676409,222.266026,1.427,0.700771,2.339453,0.42745
2023-01-31,2023-01-25,2023-01-25,24122.696893,5380.237282,3000.541,2415.204,2291.786,24158.20461,2291.786,0.246282,0.057705,4.361828,6.141601,0.500678,0.60029,0.80006,0.926806,0.330335,0.460691,0.719155,0.886002,120.954874,223.899785,1.413508,0.70746,2.328298,0.429498
2023-02-28,2023-02-22,2023-02-22,24277.652493,5286.143261,2983.553,2471.357,2302.592,24446.419232,2302.592,0.24588,0.0573,4.364875,6.158602,0.500135,0.602529,0.798442,0.926303,0.328274,0.462965,0.716566,0.885137,122.265096,226.448024,1.419473,0.704487,2.335736,0.428131
2023-03-31,2023-03-29,2023-03-29,24377.32899,5267.961405,3401.8,2632.542,2324.072,25143.709585,2324.072,0.262981,0.056665,4.26351,6.147625,0.511719,0.611197,0.802999,0.92765,0.328944,0.462985,0.716602,0.884713,128.665017,233.245636,1.476232,0.6774,2.408974,0.415115
2023-04-30,2023-04-26,2023-04-26,24049.170334,5195.523938,3132.099,2638.805,2324.216,24624.550396,2324.216,0.254578,0.057277,4.348912,6.213491,0.503017,0.605135,0.800893,0.925606,0.324224,0.459351,0.715779,0.882557,123.865713,227.926259,1.439597,0.694639,2.354584,0.424704
2023-05-31,2023-05-31,2023-05-31,24321.393965,5164.236992,3205.526,2615.677,2344.626,24978.359972,2344.626,0.254826,0.05728,4.355091,6.220514,0.503616,0.604153,0.800855,0.925352,0.325108,0.458478,0.715405,0.882247,125.795,231.137815,1.434471,0.697121,2.349856,0.425558
2023-06-30,2023-06-28,2023-06-28,24881.092382,5096.710436,3176.029,2271.871,2343.987,25232.281946,2343.987,0.238339,0.057754,4.341944,6.096131,0.50443,0.604577,0.801617,0.925279,0.33813,0.468157,0.721169,0.884042,127.279314,233.469034,1.442863,0.693066,2.363268,0.423143
2023-07-31,2023-07-26,2023-07-26,25132.438568,5038.264363,3166.767,2066.975,2333.462,25327.916206,2333.462,0.226768,0.05643,4.351442,6.045307,0.504242,0.604118,0.801529,0.924756,0.344792,0.473021,0.723951,0.884382,127.713954,234.221497,1.444667,0.692201,2.366123,0.422632
2023-08-31,2023-08-30,2023-08-30,25472.006703,4963.801833,3196.542,1998.323,2331.438,25703.06987,2331.438,0.222879,0.056131,4.337291,6.017082,0.50916,0.607593,0.804213,0.924542,0.351953,0.478635,0.727452,0.884361,130.869821,237.635748,1.461097,0.684417,2.388474,0.418677
2023-09-30,2023-09-27,2023-09-27,25613.199974,4925.16598,3168.502,1755.109,2323.926,25611.644995,2323.926,0.21402,0.056994,4.347722,5.968185,0.509511,0.608096,0.804992,0.923803,0.358214,0.483754,0.730514,0.884458,130.494274,236.601144,1.467698,0.681339,2.391275,0.418187
2023-10-31,2023-10-25,2023-10-25,25997.910663,4861.698012,3263.971,1403.115,2322.897,25803.298651,2322.897,0.200551,0.057683,4.382001,5.931176,0.504265,0.602809,0.801676,0.923147,0.360038,0.483901,0.730016,0.884942,130.116913,238.202368,1.445602,0.691753,2.368877,0.422141
2023-11-30,2023-11-29,2023-11-29,26266.369847,4797.546258,3395.396,1254.156,2332.452,26118.375589,2332.452,0.198456,0.057706,4.377666,5.906212,0.507074,0.605005,0.803595,0.923033,0.365851,0.487899,0.733324,0.885058,132.439562,241.081204,1.449614,0.689839,2.374908,0.421069
2023-12-31,2023-12-27,2023-12-27,26229.821497,4747.171473,3434.213,1165.574,2344.381,26082.437024,2344.381,0.197818,0.058534,4.378942,5.895082,0.507409,0.605992,0.805093,0.922394,0.366971,0.489533,0.73488,0.884364,132.344757,240.582771,1.457688,0.686018,2.378074,0.420508
2024-01-31,2024-01-31,2024-01-31,26504.781673,4692.720924,3411.717,977.603,2326.502,26201.38075,2326.502,0.187284,0.057052,4.431527,5.890861,0.500392,0.599253,0.80147,0.921555,0.36666,0.488382,0.734098,0.884393,131.109635,241.460065,1.42711,0.700717,2.345871,0.426281
2024-02-29,2024-02-28,2024-02-28,26813.294246,4613.457272,3540.982,908.801,2332.584,26649.619974,2332.584,0.187454,0.056386,4.414737,5.871031,0.508164,0.608536,0.807638,0.921596,0.376789,0.498997,0.7412,0.88441,135.423663,245.601773,1.439735,0.694572,2.364548,0.422914
2024-03-31,2024-03-27,2024-03-27,26814.255654,4573.570001,3472.403,872.746,2343.495,26585.834653,2343.495,0.183968,0.057388,4.424335,5.85829,0.5075,0.607206,0.806243,0.920853,0.378144,0.499137,0.740429,0.88382,134.92303,244.816522,1.445682,0.691715,2.364059,0.423001
2024-04-30,2024-04-24,2024-04-24,26912.809282,4506.746101,3271.706,809.259,2344.282,26487.028181,2344.282,0.174307,0.057852,4.522153,5.905088,0.492934,0.596842,0.801943,0.919313,0.369146,0.493784,0.738527,0.882993,130.563563,243.498671,1.386814,0.721077,2.294259,0.43587
2024-05-31,2024-05-29,2024-05-29,27036.610931,4435.686058,3391.075,824.602,2353.473,26816.601872,2353.473,0.178289,0.058133,4.518545,5.924002,0.493546,0.597911,0.802532,0.919223,0.368472,0.493475,0.738843,0.882352,132.35238,246.504336,1.390623,0.719102,2.300148,0.434755
2024-06-30,2024-06-26,2024-06-26,26921.155419,4427.919606,3268.895,879.766,2352.079,26641.896812,2352.079,0.177931,0.059467,4.541845,5.93466,0.490975,0.594771,0.800769,0.918192,0.36689,0.491311,0.737131,0.881298,130.805044,244.623888,1.388905,0.719992,2.291677,0.436362
2024-07-31,2024-07-31,2024-07-31,27357.799968,4413.614826,3178.7,813.261,2348.049,26936.146142,2348.049,0.168759,0.058019,4.569911,5.914689,0.484527,0.591115,0.79925,0.917932,0.365056,0.491454,0.737741,0.881933,130.512811,247.255635,1.368018,0.730985,2.272541,0.440036
2024-08-31,2024-08-28,2024-08-28,27466.350519,4362.730895,3244.959,802.001,2349.988,27150.579624,2349.988,0.170482,0.057868,4.538302,5.89228,0.491603,0.596201,0.801293,0.917857,0.372201,0.496271,0.740611,0.881568,133.472966,249.2034,1.395643,0.716516,2.303945,0.434038
2024-09-30,2024-09-25,2024-09-25,27723.760358,4357.97588,3141.565,833.314,2349.978,27340.663479,2349.978,0.167685,0.058164,4.583144,5.903925,0.482423,0.589765,0.797917,0.917215,0.365472,0.492402,0.738164,0.881432,131.897761,250.772539,1.367007,0.731525,2.272522,0.44004
2024-10-31,2024-10-30,2024-10-30,27986.193934,4315.183162,3215.794,627.007,2355.834,27513.811772,2355.834,0.160467,0.057274,4.592378,5.875099,0.481077,0.589151,0.796807,0.916888,0.367414,0.494668,0.738201,0.881692,132.362685,252.270836,1.35923,0.735711,2.265311,0.44144
2024-11-30,2024-11-27,2024-11-27,28098.146195,4287.980297,3234.035,569.509,2362.319,27613.709898,2362.319,0.159461,0.05775,4.574649,5.851357,0.486159,0.592252,0.797272,0.916724,0.373515,0.498588,0.740167,0.881551,134.246668,253.141471,1.377784,0.725803,2.283662,0.437893
2024-12-31,2024-12-31,2024-12-25,28276.091696,4291.106416,3218.476,566.327,2366.961,27769.78828,2366.961,0.158898,0.058268,4.620259,5.875622,0.476804,0.585686,0.794192,0.915963,0.365652,0.493309,0.737505,0.881053,132.407458,254.36099,1.347825,0.741936,2.250393,0.444367
2025-01-31,2025-01-29,2025-01-29,28514.27613,4236.852368,3200.654,496.387,2348.483,27974.464763,2348.483,0.1533,0.056117,4.622654,5.859191,0.477245,0.585928,0.793845,0.915788,0.368421,0.49548,0.737839,0.88116,133.506613,256.186815,1.348448,0.741594,2.255147,0.44343
2025-02-28,2025-02-26,2025-02-26,28623.974284,4206.835892,3380.755,511.784,2355.323,28309.677392,2355.323,0.159421,0.055759,4.616285,5.88932,0.480208,0.587642,0.795069,0.915653,0.368079,0.49491,0.73806,0.880316,135.945444,259.218333,1.355352,0.737816,2.265048,0.441492
2025-03-31,2025-03-26,2025-03-26,28582.473679,4209.651782,3450.55,628.611,2372.623,28451.982897,2372.623,0.166067,0.056451,4.619974,5.918428,0.4786,0.585615,0.793285,0.915318,0.362879,0.490283,0.734624,0.879303,136.171065,260.426083,1.355737,0.737606,2.262985,0.441894
2025-04-30,2025-04-30,2025-04-30,28571.181346,4215.813131,3000.277,632.122,2381.37,27987.767215,2381.37,0.151503,0.057332,4.726678,5.950634,0.466331,0.575946,0.787475,0.913108,0.359324,0.486664,0.731788,0.878333,130.515734,255.558647,1.304706,0.766456,2.193781,0.455834
2025-05-31,2025-05-28,2025-05-28,28450.200602,4172.527446,3294.014,544.111,2390.86,28115.798156,2390.86,0.159126,0.057824,4.70341,5.979373,0.471916,0.579505,0.789572,0.912992,0.360194,0.485965,0.732427,0.877095,132.682815,256.695031,1.324473,0.755017,2.214112,0.451648
2025-06-30,2025-06-25,2025-06-25,28653.132661,4177.83055,3347.274,584.051,2394.584,28406.627112,2394.584,0.161763,0.058294,4.727052,6.002975,0.464966,0.574985,0.787463,0.912691,0.352494,0.480665,0.729813,0.876713,132.081119,259.264713,1.305383,0.766059,2.196073,0.455358
2025-07-31,2025-07-30,2025-07-30,28965.809273,4173.334571,3299.696,525.681,2401.373,28617.851702,2401.373,0.155475,0.057106,4.725587,5.968812,0.465266,0.575802,0.787339,0.91256,0.355857,0.48395,0.730975,0.87718,133.149193,261.155033,1.305517,0.76598,2.197626,0.455036
2025-08-31,2025-08-27,2025-08-27,29268.20361,4166.135741,3216.851,393.155,2407.22,28712.073869,2407.22,0.148368,0.057283,4.704622,5.90919,0.471455,0.579337,0.790165,0.912181,0.366858,0.491664,0.735937,0.877572,135.364391,261.906155,1.327622,0.753226,2.219969,0.450457
2025-09-30,2025-09-24,2025-09-24,29710.558655,4173.805585,2999.692,409.302,2410.199,28945.74707,2410.199,0.141193,0.057592,4.737549,5.883747,0.463965,0.574784,0.787344,0.911819,0.365019,0.491281,0.735263,0.878304,134.298102,263.932918,1.304668,0.766478,2.196338,0.455303
2025-10-31,2025-10-29,2025-10-29,29994.409228,4160.673842,2827.909,367.413,2418.2,29029.057385,2418.2,0.131833,0.057123,4.751794,5.847175,0.462244,0.573631,0.785817,0.911386,0.368221,0.493835,0.73554,0.878757,134.185069,264.566684,1.295143,0.772115,2.185828,0.457493
2025-11-30,2025-11-26,2025-11-26,30053.277766,4151.984572,2897.987,332.399,2426.786,29131.679194,2426.786,0.133474,0.057625,4.729832,5.829419,0.46815,0.577356,0.788531,0.911196,0.373815,0.498185,0.738261,0.878394,136.379892,265.446584,1.31546,0.76019,2.205985,0.453312
2025-12-31,2025-12-31,2025-12-31,30267.188488,4227.800579,2853.441,462.198,2445.544,29355.026909,2445.544,0.136316,0.058155,4.754511,5.845037,0.461299,0.57303,0.786334,0.910786,0.366821,0.493832,0.736056,0.878121,135.414321,267.361369,1.295755,0.771751,2.184141,0.457846
2026-01-31,2026-01-28,2026-01-28,30099.529439,4238.223325,2882.94,327.151,2429.415,29071.397114,2429.415,0.131126,0.057259,4.789326,5.86674,0.460134,0.571821,0.784582,0.909572,0.367826,0.4941,0.734681,0.876981,133.767246,264.425322,1.289206,0.775671,2.171123,0.460591
2026-02-28,2026-02-25,2026-02-25,30448.313518,4288.160431,3004.429,329.222,2432.413,29493.804087,2432.413,0.135404,0.056689,4.756833,5.8398,0.465029,0.573749,0.788446,0.910128,0.372974,0.495272,0.739069,0.877897,137.154676,268.431398,1.307176,0.765008,2.195834,0.455408
2026-03-31,2026-03-25,2026-03-25,30842.135439,4338.196456,3036.073,334.136,2446.604,29874.147983,2446.604,0.135841,0.05687,4.762893,5.823847,0.460627,0.569241,0.78673,0.910172,0.370132,0.492323,0.737925,0.878339,137.608474,271.90607,1.297625,0.770638,2.187875,0.457064
2026-04-30,2026-04-29,2026-04-29,30673.049567,4377.648452,2919.153,322.711,2454.885,29537.265115,2454.885,0.131278,0.057653,4.842398,5.881669,0.451662,0.562441,0.782327,0.908455,0.363166,0.487881,0.734065,0.876872,133.408704,268.332859,1.260255,0.79349,2.137858,0.467758
2026-05-31,2026-05-27,2026-05-27,30749.579153,4422.864625,3067.025,300.879,2465.412,29694.618528,2465.412,0.135643,0.058408,4.808705,5.864473,0.458717,0.570031,0.785218,0.9084,0.368434,0.494121,0.736993,0.876463,136.214357,269.745932,1.287132,0.776921,2.166105,0.461658
2026-06-30,2026-06-24,2026-06-24,31082.178323,4424.468215,2954.465,336.528,2473.044,29948.703108,2473.044,0.132858,0.059375,4.834557,5.861529,0.451797,0.563024,0.783167,0.908109,0.363782,0.489256,0.735846,0.87668,135.307317,271.966918,1.266653,0.789482,2.145981,0.465987
2026-07-31,2026-07-29,2026-07-29,31451.425395,4475.092895,2944.541,337.051,2472.177,30257.9245,2472.177,0.129448,0.058472,4.809625,5.814792,0.454974,0.565557,0.784129,0.908415,0.368549,0.493362,0.737712,0.877446,137.665744,274.867448,1.278988,0.781868,2.163787,0.462153
2026-08-31,2026-08-26,2026-08-26,31824.348542,4507.577048,2916.824,356.158,2478.052,30589.753494,2478.052,0.12857,0.057874,4.78706,5.778406,0.45851,0.56941,0.787229,0.90837,0.37419,0.498433,0.741715,0.877759,140.257091,277.868237,1.294001,0.772797,2.181964,0.458303
2026-09-30,2026-09-30,2026-09-30,31831.225583,4564.160616,2881.686,361.883,2482.756,30510.633966,2482.756,0.128857,0.058558,4.812874,5.789987,0.455095,0.566434,0.78476,0.907652,0.371084,0.495774,0.73949,0.877261,138.85223,276.930369,1.282905,0.779481,2.1658,0.461723
