year_end,source,page,total,b1,b1_5,b5_10,b10_20,b20,avg_years,avg_months
1980-12,1981_03,43,492294,239697,159585,41175,27250,24587,3,9
1981-12,1982_03,40,580670,275322,188422,50851,34055,32020,4,0
1982-12,1984_03,32,736148,346321,239263,77569,35677,37318,3,10
1983-12,1984_03,32,893991,394088,298262,106043,43058,52540,4,3
1984-12,1986_03,36,1081548,455801,365794,136121,52068,71765,4,7
1985-12,1986_03,36,1237340,490217,423625,163049,66003,94446,5,0
1986-12,1988_03,48,1388733,511117,481772,197594,70657,127593,5,4
1987-12,1988_03,48,1483625,502918,528258,222785,73875,155789,5,9
1988-12,1990_03,47,1566208,534093,548110,229790,77683,176532,5,10
1989-12,1990_03,47,1700367,571619,585902,251333,83749,207764,6,0
1990-12,1992_03,64,1925391,666891,660908,270082,86105,241405,5,11
1991-12,1992_03,64,2171507,742609,788493,274221,87203,278980,6,0
1992-12,1994_03,49,2434333,843416,890778,301395,91441,307304,5,10
1993-12,1994_03,49,2628352,905311,1011213,304863,86143,320823,5,8
1994-12,1996_03,30,2737789,906618,1130084,288781,84157,328150,5,6
1995-12,1996_03,30,2901387,1049518,1142392,291881,92636,324959,5,3
1996-12,1998_03,27,3032551,1061459,1231746,301103,128054,310188,5,3
1997-12,1998_03,27,2988654,1027280,1170833,328855,153224,308462,5,5
1998-12,2000_03,30,2887273,986500,1072170,368435,123614,336554,5,6
1999-12,2000_03,30,2787126,1009248,934945,370470,144045,328417,5,6
2000-12,2002_03,31,2423503,871579,746162,344615,162096,299050,5,10
2001-12,2002_03,31,2392530,932153,696991,317932,197742,247712,5,6
2002-12,2004_03,31,2575371,981309,825882,328290,209639,230251,5,4
2003-12,2004_03,31,2908029,1105608,994749,367197,243755,196719,5,0
