year,sep_date,longrun_real_gdp,measure,source
2013,2013-12-18,2.3,central tendency midpoint (2.2 to 2.4),https://www.federalreserve.gov/monetarypolicy/fomcprojtabl20131218.htm
2014,2014-12-17,2.15,central tendency midpoint (2.0 to 2.3),https://www.federalreserve.gov/monetarypolicy/fomcprojtabl20141217.htm
2015,2015-12-16,2.0,median,https://www.federalreserve.gov/monetarypolicy/fomcprojtabl20151216.htm
2016,2016-12-14,1.8,median,https://www.federalreserve.gov/monetarypolicy/fomcprojtabl20161214.htm
2017,2017-12-13,1.8,median,https://www.federalreserve.gov/monetarypolicy/fomcprojtabl20171213.htm
2018,2018-12-19,1.9,median,https://www.federalreserve.gov/monetarypolicy/fomcprojtabl20181219.htm
2019,2019-12-11,1.9,median,https://www.federalreserve.gov/monetarypolicy/fomcprojtabl20191211.htm
2020,2020-12-16,1.8,median,https://www.federalreserve.gov/monetarypolicy/fomcprojtabl20201216.htm
2021,2021-12-15,1.8,median,https://www.federalreserve.gov/monetarypolicy/fomcprojtabl20211215.htm
2022,2022-12-14,1.8,median,https://www.federalreserve.gov/monetarypolicy/fomcprojtabl20221214.htm
2023,2023-12-13,1.8,median,https://www.federalreserve.gov/monetarypolicy/fomcprojtabl20231213.htm
2024,2024-12-18,1.8,median,https://www.federalreserve.gov/monetarypolicy/fomcprojtabl20241218.htm
2025,2025-12-10,1.8,median,https://www.federalreserve.gov/monetarypolicy/fomcprojtabl20251210.htm
